vgg					resnet-52					resnet-20					vgg:resnet-52	vgg:resnet-20	resnet-20:resnet-52	3 to 1
index	label	preded label	probability		index	label	preded label	probability		index	label	preded label	probability					
5280	0	0	0.415906906		4721	1	1	0.348481506		2395	7	7	0.304068029		5280	#N/A	4721	
8471	0	0	0.429764122		7411	5	5	0.358109504		4313	0	0	0.319689125		#N/A	8471	7411	
6673	4	4	0.460278749		1863	5	5	0.369248509		3728	2	2	0.322354287		#N/A	6673	1863	
2500	4	4	0.4916659		3356	4	4	0.380550057		2843	1	1	0.343955159		2500	2500	#N/A	
2722	5	5	0.498687208		8431	8	8	0.384732664		5119	5	5	0.345949143		#N/A	2722	8431	
2622	0	0	0.500929058		5129	2	2	0.398355633		2810	9	9	0.356312364		2622	2622	5129	
9866	1	1	0.50447017		8448	4	4	0.406358391		685	6	6	0.377955347		#N/A	9866	8448	
1710	4	4	0.504483223		4436	4	4	0.408076435		9801	6	6	0.379140139		#N/A	#N/A	4436	
245	3	3	0.507695019		8514	7	7	0.410779357		5074	0	0	0.37916857		245	#N/A	8514	
551	5	5	0.514380217		3949	5	5	0.415426403		818	8	8	0.379738122		551	551	3949	
6631	7	7	0.51494801		5119	5	5	0.416969538		1429	6	6	0.380193979		6631	6631	5119	
2762	4	4	0.521252871		6871	9	9	0.432005644		4521	9	9	0.387589812		2762	#N/A	6871	
886	0	0	0.522417963		6837	5	5	0.449487209		9605	5	5	0.38801533		#N/A	#N/A	#N/A	
3920	7	7	0.524473846		1130	7	7	0.456127852		4076	7	7	0.394207001		3920	#N/A	1130	
5779	3	3	0.540146172		5578	3	3	0.458487928		1454	3	3	0.400139391		#N/A	#N/A	5578	
7785	4	4	0.541321814		5833	3	3	0.472458482		7184	5	5	0.409994572		7785	7785	5833	
1166	3	3	0.541797817		8650	2	2	0.473348498		7507	7	7	0.411008745		1166	1166	8650	
3776	9	9	0.545853734		7458	2	2	0.480006486		9068	6	6	0.412653029		#N/A	#N/A	7458	
485	9	9	0.545856714		551	5	5	0.485662699		5909	1	1	0.42015937		485	485	551	
5835	3	3	0.546776593		5459	5	5	0.50368762		2447	6	6	0.421472102		5835	5835	#N/A	
7893	1	1	0.551019967		4883	2	2	0.503970802		5638	4	4	0.428743392		7893	#N/A	#N/A	
2988	5	5	0.551925182		8244	4	4	0.505411744		5835	3	3	0.431552857		2988	2988	#N/A	
86	2	2	0.55214411		6730	8	8	0.505469561		6902	4	4	0.436217546		#N/A	86	6730	
1835	0	0	0.553338468		74	0	0	0.506317735		47	9	9	0.439887255		1835	#N/A	74	
8514	7	7	0.557960272		1224	7	7	0.506776392		4632	5	5	0.442232192		8514	8514	1224	
5820	5	5	0.560435593		1056	3	3	0.509567618		8836	4	4	0.453049332		#N/A	5820	1056	
7124	5	5	0.570387006		69	7	7	0.509762645		7410	4	4	0.463751465		#N/A	#N/A	#N/A	
3761	0	0	0.570771158		12	5	5	0.511730015		4446	0	0	0.469515771		3761	#N/A	12	
615	8	8	0.571486175		324	4	4	0.513950467		6054	3	3	0.469534516		#N/A	#N/A	324	
1587	2	2	0.574976861		3654	3	3	0.515943825		920	6	6	0.473920435		1587	1587	3654	
1547	2	2	0.575019956		2499	6	6	0.516484141		4281	7	7	0.481570959		#N/A	1547	2499	
478	5	5	0.576576531		295	4	4	0.519585371		4938	3	3	0.481722414		478	#N/A	#N/A	
9503	2	2	0.576758325		7648	0	0	0.525013685		4765	3	3	0.483354181		#N/A	9503	7648	
3298	3	3	0.577518046		7261	8	8	0.525665402		4748	0	0	0.485074908		#N/A	3298	#N/A	
9080	3	3	0.578492105		3842	8	8	0.525694311		8003	4	4	0.486041248		9080	9080	3842	
5956	4	4	0.580715716		3724	6	6	0.529790342		4471	5	5	0.486357301		#N/A	#N/A	3724	
8142	7	7	0.580819786		4539	8	8	0.532486439		4630	2	2	0.490408391		#N/A	8142	#N/A	
7861	0	0	0.581375778		8669	4	4	0.534133017		4352	3	3	0.491497964		#N/A	7861	#N/A	
397	3	3	0.582782626		1587	2	2	0.534820676		6673	4	4	0.493029952		#N/A	#N/A	1587	
4748	0	0	0.588501394		4880	0	0	0.538333952		7082	2	2	0.493420005		4748	4748	#N/A	
1796	0	0	0.589393914		9959	2	2	0.539286315		6697	2	2	0.495097905		#N/A	#N/A	9959	
7740	4	4	0.590088904		439	1	1	0.540096343		5646	4	4	0.495797426		#N/A	7740	#N/A	
1224	7	7	0.591281593		2001	5	5	0.540302336		9056	4	4	0.498278826		1224	1224	#N/A	
3235	5	5	0.596719444		1165	0	0	0.542400002		7824	9	9	0.500326455		#N/A	3235	1165	
1445	3	3	0.597755492		877	2	2	0.54547441		497	2	2	0.505137622		#N/A	1445	#N/A	
6339	3	3	0.599717021		3909	5	5	0.545878589		7395	2	2	0.505315006		#N/A	#N/A	3909	
7399	3	3	0.604016066		8457	2	2	0.546253502		9817	9	9	0.505362034		7399	7399	8457	
7806	9	9	0.605259299		1548	5	5	0.552639127		8553	7	7	0.505483627		7806	#N/A	1548	
7924	3	3	0.606910408		508	9	9	0.552877426		3995	7	7	0.508139193		7924	7924	508	
2174	9	9	0.608812153		4313	0	0	0.55337733		6164	7	7	0.508165419		2174	2174	4313	
7906	2	2	0.610872567		6317	9	9	0.55439204		1909	3	3	0.510123312		7906	#N/A	#N/A	
340	2	2	0.613866389		5915	5	5	0.559704065		6876	7	7	0.511177361		340	#N/A	5915	
3995	7	7	0.61571461		9360	5	5	0.560680509		1439	9	9	0.511594653		3995	3995	9360	
4887	5	5	0.623440325		5763	9	9	0.561563432		229	6	6	0.51315254		#N/A	#N/A	#N/A	
8310	3	3	0.62437284		4747	5	5	0.562860608		6064	5	5	0.513460219		8310	#N/A	4747	
2499	6	6	0.624658942		7947	2	2	0.563218534		4300	8	8	0.516620934		2499	2499	7947	
2015	4	4	0.62550199		2825	2	2	0.564075112		1996	3	3	0.517635405		#N/A	#N/A	2825	
4495	3	3	0.628057003		5487	6	6	0.566372037		9737	5	5	0.518693089		#N/A	4495	5487	
6538	3	3	0.628174365		9945	7	7	0.567040026		4634	7	7	0.518717408		6538	6538	#N/A	
4808	3	3	0.63090682		3232	7	7	0.569224596		1297	2	2	0.522696793		#N/A	#N/A	#N/A	
6162	0	0	0.635112882		6549	0	0	0.572603643		2575	5	5	0.525322199		6162	6162	6549	
1759	5	5	0.638487339		1051	2	2	0.57287395		5687	2	2	0.527048707		1759	1759	1051	
7314	3	3	0.641496241		2850	5	5	0.57364589		4958	4	4	0.527382731		#N/A	#N/A	#N/A	
8457	2	2	0.644420087		1065	3	3	0.573753536		5732	3	3	0.529011607		8457	8457	#N/A	
5979	5	5	0.644480884		8226	8	8	0.574339509		3390	3	3	0.529819787		5979	#N/A	#N/A	
9514	5	5	0.645597279		6836	4	4	0.574473202		1285	9	9	0.531649172		9514	#N/A	6836	
332	3	3	0.645692945		6134	3	3	0.577512264		8967	2	2	0.532189429		332	#N/A	6134	
3023	3	3	0.650832415		9452	2	2	0.578797817		8804	6	6	0.534178555		#N/A	#N/A	9452	
8656	7	7	0.652074277		323	3	3	0.580785334		9450	6	6	0.534209132		8656	#N/A	323	
2468	0	0	0.656445742		7730	4	4	0.58103019		2111	9	9	0.534439445		2468	#N/A	7730	
5287	7	7	0.657967687		5430	7	7	0.58246094		6125	8	8	0.534600377		5287	5287	#N/A	
7410	4	4	0.660118461		661	4	4	0.583744645		9346	7	7	0.534658372		#N/A	7410	#N/A	
4524	4	4	0.663261712		9795	4	4	0.585259914		4526	3	3	0.537018061		#N/A	#N/A	#N/A	
2611	4	4	0.669278085		1788	3	3	0.585479856		8119	6	6	0.537125587		#N/A	#N/A	#N/A	
9316	3	3	0.670609653		9404	3	3	0.585755765		8538	7	7	0.537629306		9316	#N/A	#N/A	
5578	3	3	0.67086786		7689	0	0	0.585830748		1323	0	0	0.53882724		5578	5578	#N/A	
8180	4	4	0.6740762		5327	0	0	0.588123679		5806	0	0	0.540142		8180	8180	#N/A	
7440	3	3	0.680314779		8041	8	8	0.588424563		4574	3	3	0.541155696		7440	#N/A	8041	
2731	5	5	0.680352986		5878	4	4	0.589381933		6190	4	4	0.543337703		#N/A	#N/A	#N/A	
6035	5	5	0.682525516		1306	1	1	0.589574158		6384	7	7	0.545515418		6035	6035	#N/A	
8708	7	7	0.683381855		7343	7	7	0.590290546		6436	0	0	0.545580804		8708	#N/A	7343	
26	4	4	0.683630288		8305	4	4	0.594175041		5716	0	0	0.547318459		#N/A	26	8305	
3822	4	4	0.685772181		4275	5	5	0.595283031		7423	6	6	0.548588812		#N/A	#N/A	4275	
6353	2	2	0.687318444		4547	3	3	0.595406771		259	9	9	0.548779488		#N/A	#N/A	4547	
8941	0	0	0.688538909		8708	7	7	0.597040892		3201	6	6	0.54884696		8941	8941	#N/A	
1416	3	3	0.689110756		3328	2	2	0.599112511		7744	4	4	0.549159765		1416	#N/A	#N/A	
1996	3	3	0.68937546		5999	2	2	0.60387224		3434	5	5	0.550298631		#N/A	1996	#N/A	
1757	6	6	0.68942517		1014	3	3	0.605190516		4868	0	0	0.553736806		#N/A	#N/A	#N/A	
9174	9	9	0.691352487		3463	3	3	0.605332613		9503	2	2	0.554695666		#N/A	#N/A	3463	
8887	4	4	0.691949546		3612	1	1	0.606351554		4749	2	2	0.555079162		8887	#N/A	3612	
3443	4	4	0.691968441		254	4	4	0.607006371		4586	0	0	0.557285607		#N/A	3443	#N/A	
4137	4	4	0.692105412		6213	3	3	0.611347139		279	3	3	0.55753243		4137	4137	6213	
4639	0	0	0.692630291		3864	3	3	0.613343656		7378	3	3	0.558176816		#N/A	#N/A	#N/A	
1986	4	4	0.694354475		9801	6	6	0.619004309		8180	4	4	0.559843063		1986	#N/A	9801	
7670	2	2	0.694375932		3361	4	4	0.619438589		9709	0	0	0.559880078		7670	#N/A	3361	
3041	4	4	0.695836425		5799	1	1	0.620135486		9360	5	5	0.560721159		3041	3041	#N/A	
4630	2	2	0.696716905		8549	1	1	0.621710718		4398	4	4	0.561161935		4630	4630	#N/A	
2111	9	9	0.699258566		2540	2	2	0.62226671		9170	0	0	0.562021255		2111	2111	2540	
3510	4	4	0.703800678		5280	0	0	0.624453962		1640	7	7	0.562049806		#N/A	#N/A	#N/A	
47	9	9	0.707332671		3068	2	2	0.627149701		8448	4	4	0.56223774		47	47	3068	
5986	3	3	0.709492981		3844	2	2	0.631572008		551	5	5	0.562993824		#N/A	#N/A	3844	
2176	1	1	0.711211205		9709	0	0	0.632006764		4099	4	4	0.566240191		2176	2176	9709	
6900	3	3	0.713017106		4574	3	3	0.63550514		20	7	7	0.566398859		6900	#N/A	4574	
8122	4	4	0.71904248		2811	2	2	0.635752618		9437	3	3	0.567250013		#N/A	#N/A	#N/A	
1638	4	4	0.719632268		5979	5	5	0.637237728		3945	5	5	0.567293406		#N/A	#N/A	#N/A	
2573	5	5	0.723078012		2995	4	4	0.637388647		4547	3	3	0.567342699		2573	#N/A	2995	
9884	9	9	0.724277377		2598	3	3	0.637919664		997	1	1	0.569474995		#N/A	9884	2598	
4391	3	3	0.726624846		7329	1	1	0.640849471		866	3	3	0.569729626		4391	4391	#N/A	
3849	5	5	0.72790283		8291	6	6	0.641238511		2108	4	4	0.570013404		#N/A	3849	#N/A	
6349	0	0	0.728654861		5103	7	7	0.641588688		2499	6	6	0.57067126		6349	6349	#N/A	
6782	5	5	0.728673935		4697	5	5	0.642183721		8045	5	5	0.571152508		#N/A	#N/A	4697	
1776	0	0	0.7296682		3084	3	3	0.642988026		2472	5	5	0.571268916		#N/A	#N/A	3084	
1205	8	8	0.732264161		6737	8	8	0.643108428		2022	5	5	0.571542621		#N/A	#N/A	#N/A	
2978	2	2	0.733915627		1928	4	4	0.644533753		9075	0	0	0.572961032		2978	2978	#N/A	
6584	5	5	0.737309039		9080	3	3	0.64467144		7032	4	4	0.575517118		6584	6584	9080	
6822	4	4	0.738068402		2520	1	1	0.644825041		8752	5	5	0.576482356		#N/A	#N/A	#N/A	
1816	7	7	0.738634527		611	9	9	0.647135913		6517	7	7	0.581679761		1816	#N/A	#N/A	
997	1	1	0.743032336		5873	4	4	0.647501469		9129	4	4	0.582062125		997	997	#N/A	
7242	7	7	0.743350685		1088	3	3	0.649818003		2414	5	5	0.583269238		7242	7242	1088	
685	6	6	0.743677855		2673	2	2	0.651787639		7313	3	3	0.584093332		685	685	#N/A	
8817	4	4	0.746121168		9027	5	5	0.653252423		878	3	3	0.58438164		#N/A	#N/A	9027	
5860	0	0	0.746833086		8869	5	5	0.654002309		9219	9	9	0.585000753		5860	#N/A	8869	
586	3	3	0.748236418		4526	3	3	0.655258536		6641	0	0	0.585920453		#N/A	#N/A	4526	
6997	8	8	0.751390278		4315	6	6	0.655267358		9248	0	0	0.587736011		6997	#N/A	4315	
6359	2	2	0.752486825		3320	2	2	0.656561017		5603	5	5	0.588736892		#N/A	#N/A	3320	
6299	3	3	0.753197789		2111	9	9	0.656742215		4472	4	4	0.58983171		6299	#N/A	2111	
9157	3	3	0.757275879		2126	9	9	0.657208562		7255	3	3	0.590000391		#N/A	9157	#N/A	
1909	3	3	0.760198236		9122	9	9	0.658316076		2500	4	4	0.590827703		1909	1909	9122	
4165	8	8	0.761392653		5825	3	3	0.658567548		4970	2	2	0.591447175		#N/A	#N/A	#N/A	
2447	6	6	0.764835179		607	3	3	0.658792913		7458	2	2	0.59181118		2447	2447	607	
7910	3	3	0.76505512		8941	0	0	0.658888161		5978	5	5	0.592580676		#N/A	#N/A	8941	
1814	9	9	0.765377641		9693	6	6	0.659759879		26	4	4	0.593002141		#N/A	#N/A	#N/A	
5192	9	9	0.767580271		2624	8	8	0.659881473		9985	5	5	0.593926072		#N/A	5192	2624	
862	3	3	0.767948151		2176	1	1	0.660563827		9462	2	2	0.593984902		862	#N/A	2176	
5833	3	3	0.768860877		5532	3	3	0.661214113		5093	0	0	0.594467878		5833	5833	5532	
8869	5	5	0.770354867		6952	8	8	0.664396524		4238	5	5	0.594964147		8869	8869	6952	
8153	4	4	0.773341298		4135	1	1	0.664756894		3391	3	3	0.596418321		8153	#N/A	4135	
1640	7	7	0.773343861		6709	3	3	0.665491521		3707	6	6	0.602687418		1640	1640	#N/A	
5074	0	0	0.775014579		3429	0	0	0.665616453		5833	3	3	0.603707612		5074	5074	3429	
4398	4	4	0.776565969		3346	4	4	0.668348312		8514	7	7	0.603785276		#N/A	4398	3346	
5281	3	3	0.778717935		1632	8	8	0.670349956		8840	2	2	0.60397172		#N/A	#N/A	#N/A	
6204	4	4	0.779860914		2490	0	0	0.670408189		2716	5	5	0.605028033		#N/A	6204	#N/A	
293	9	9	0.780275047		8872	8	8	0.67184186		3082	7	7	0.605111957		#N/A	293	8872	
6562	5	5	0.780724466		885	0	0	0.674134791		2435	6	6	0.60624373		6562	#N/A	#N/A	
3186	7	7	0.781942427		9421	1	1	0.674819052		7717	3	3	0.606397033		#N/A	3186	#N/A	
5987	3	3	0.785955787		2760	2	2	0.675648868		7182	0	0	0.612921596		#N/A	5987	2760	
857	0	0	0.786892951		8180	4	4	0.677023351		9949	3	3	0.613050103		#N/A	#N/A	8180	
8396	3	3	0.787862837		3683	8	8	0.677571297		1673	2	2	0.613987207		#N/A	#N/A	3683	
8492	0	0	0.787982404		685	6	6	0.678048849		957	3	3	0.616034567		8492	8492	685	
1595	3	3	0.788150132		2174	9	9	0.678189635		631	5	5	0.618118703		1595	1595	2174	
4347	8	8	0.788471162		6160	2	2	0.680062592		8650	2	2	0.619918466		4347	#N/A	#N/A	
4038	0	0	0.788823545		4170	1	1	0.682243705		1837	9	9	0.620378315		#N/A	#N/A	#N/A	
4828	4	4	0.789233088		2419	4	4	0.686094642		3890	7	7	0.620590866		4828	#N/A	2419	
4490	0	0	0.789340854		9067	9	9	0.68635726		8962	5	5	0.621003211		#N/A	4490	9067	
9506	4	4	0.789596856		229	6	6	0.689908862		2825	2	2	0.621187329		#N/A	9506	229	
1730	4	4	0.789970338		7999	6	6	0.694390476		6935	7	7	0.623407781		#N/A	1730	#N/A	
607	3	3	0.791962981		8071	4	4	0.695017338		9946	0	0	0.624974668		607	607	#N/A	
3752	3	3	0.793239355		6976	3	3	0.69535327		6127	5	5	0.625323713		#N/A	#N/A	#N/A	
7110	3	3	0.7970137		2067	7	7	0.695937097		318	5	5	0.625671804		#N/A	#N/A	#N/A	
4357	4	4	0.797220409		3026	5	5	0.697331846		8604	6	6	0.626247942		4357	4357	3026	
5290	3	3	0.800320864		2108	4	4	0.697373152		4493	4	4	0.627179146		5290	5290	2108	
8848	3	3	0.804705083		6127	5	5	0.697955668		6952	8	8	0.627976477		8848	8848	6127	
5488	9	9	0.805126786		6169	5	5	0.698644757		6802	4	4	0.628382444		#N/A	#N/A	#N/A	
6023	5	5	0.805650532		6349	0	0	0.699440241		1130	7	7	0.628888786		#N/A	#N/A	6349	
74	0	0	0.806198299		3085	2	2	0.701668203		37	1	1	0.630590022		74	74	#N/A	
3436	4	4	0.806370139		2978	2	2	0.701703787		8196	3	3	0.630752206		#N/A	#N/A	2978	
271	3	3	0.808143258		7625	7	7	0.701900423		4096	8	8	0.632135034		271	#N/A	7625	
139	9	9	0.808525503		4227	4	4	0.702947199		4815	9	9	0.633204639		139	139	#N/A	
8276	9	9	0.80966413		1595	3	3	0.706392169		2505	7	7	0.633885562		8276	#N/A	1595	
7648	0	0	0.810349941		5591	5	5	0.707037568		6371	1	1	0.635101855		7648	7648	#N/A	
3095	4	4	0.810395896		9625	2	2	0.707967997		1299	7	7	0.635845542		3095	3095	9625	
8174	3	3	0.810464263		4553	3	3	0.707997382		4315	6	6	0.636144161		8174	#N/A	#N/A	
9036	4	4	0.813057423		6793	3	3	0.708200097		5129	2	2	0.636178017		#N/A	#N/A	#N/A	
3683	8	8	0.815188169		8850	1	1	0.70887059		2213	4	4	0.636288106		3683	3683	#N/A	
9817	9	9	0.815623045		6697	2	2	0.710285485		9204	9	9	0.636804521		9817	9817	6697	
3962	4	4	0.816274226		1681	5	5	0.710304737		4163	2	2	0.637803316		#N/A	3962	#N/A	
1039	2	2	0.816311181		6111	3	3	0.713154018		6872	0	0	0.638685703		#N/A	#N/A	6111	
6828	3	3	0.820107639		476	6	6	0.713166893		6491	0	0	0.641485274		6828	6828	#N/A	
4995	2	2	0.820379674		151	9	9	0.714482129		4730	2	2	0.642135501		#N/A	4995	#N/A	
6853	4	4	0.821914494		4749	2	2	0.715055943		6916	4	4	0.642956793		#N/A	#N/A	4749	
1003	4	4	0.822604418		4551	5	5	0.715496182		9676	3	3	0.64368099		#N/A	#N/A	#N/A	
1461	0	0	0.823131025		6303	7	7	0.716136396		7974	6	6	0.644907475		#N/A	#N/A	#N/A	
3068	2	2	0.824731171		562	6	6	0.717101812		744	9	9	0.645893455		3068	3068	#N/A	
7186	2	2	0.827047229		215	0	0	0.717709422		9065	0	0	0.646222711		#N/A	#N/A	#N/A	
2598	3	3	0.827357471		6498	4	4	0.71950388		6854	0	0	0.646661818		2598	2598	6498	
6397	5	5	0.829421163		4967	7	7	0.721488059		6656	6	6	0.647365451		#N/A	#N/A	4967	
8084	5	5	0.829943895		3413	3	3	0.722579718		6154	4	4	0.64739722		8084	8084	#N/A	
5931	4	4	0.831368029		5927	6	6	0.72302258		9291	8	8	0.648202419		#N/A	#N/A	#N/A	
771	1	1	0.832161665		3511	0	0	0.724011064		9770	4	4	0.648813903		#N/A	771	#N/A	
4037	0	0	0.833192289		2689	5	5	0.724437237		154	0	0	0.65028578		#N/A	#N/A	2689	
8752	5	5	0.837129295		2573	5	5	0.725862265		3842	8	8	0.650749564		#N/A	8752	#N/A	
3741	2	2	0.837156296		2524	3	3	0.725912809		7411	5	5	0.650920749		3741	#N/A	#N/A	
3909	5	5	0.837596059		4093	3	3	0.726486266		1051	2	2	0.652655423		3909	3909	4093	
8774	3	3	0.83812201		325	1	1	0.728977323		8692	5	5	0.653158784		#N/A	8774	#N/A	
9535	1	1	0.838526487		7176	8	8	0.729503989		7224	3	3	0.656631947		9535	9535	7176	
6764	5	5	0.840262592		9376	5	5	0.730659783		1401	4	4	0.657544792		6764	#N/A	9376	
8375	4	4	0.840840042		6190	4	4	0.730668187		3417	7	7	0.659168839		#N/A	#N/A	6190	
9393	4	4	0.841106534		8967	2	2	0.731613696		4204	2	2	0.660506725		#N/A	#N/A	8967	
1222	9	9	0.841186523		8815	3	3	0.732073903		5441	5	5	0.662438393		#N/A	#N/A	8815	
37	1	1	0.841708779		2003	5	5	0.73275286		1248	2	2	0.662824214		#N/A	37	#N/A	
9926	3	3	0.842547178		4137	4	4	0.733107924		7077	0	0	0.662986994		#N/A	9926	4137	
4085	8	8	0.845074296		1251	2	2	0.733220577		8599	4	4	0.663373947		4085	#N/A	#N/A	
9573	2	2	0.84518683		4174	2	2	0.733370125		8431	8	8	0.664000392		#N/A	#N/A	#N/A	
195	2	2	0.845802367		4676	7	7	0.734519124		8199	4	4	0.664067745		195	195	#N/A	
5773	3	3	0.849628806		7258	5	5	0.734723926		7569	3	3	0.664360404		#N/A	#N/A	7258	
112	6	6	0.850899935		1439	9	9	0.734997749		5003	4	4	0.664471865		#N/A	#N/A	1439	
9689	9	9	0.850938022		7959	5	5	0.735099435		7332	7	7	0.66544205		#N/A	9689	7959	
5732	3	3	0.852335453		678	0	0	0.735215962		3914	4	4	0.666001797		#N/A	5732	678	
3393	5	5	0.852764726		9209	9	9	0.735430598		5414	4	4	0.669019401		#N/A	#N/A	9209	
6746	2	2	0.853778422		9605	5	5	0.737067461		8730	2	2	0.669263184		6746	6746	9605	
5923	0	0	0.85490495		5531	8	8	0.73708725		6326	7	7	0.671171308		#N/A	#N/A	5531	
8354	4	4	0.854993761		3531	8	8	0.737454474		7334	5	5	0.671328902		#N/A	#N/A	3531	
3681	2	2	0.855579317		4579	6	6	0.73768568		8690	8	8	0.67156142		#N/A	3681	#N/A	
5660	9	9	0.855868697		2769	2	2	0.738447785		3422	2	2	0.672648549		#N/A	5660	#N/A	
8432	5	5	0.856090486		767	0	0	0.741553545		6584	5	5	0.673031032		#N/A	8432	#N/A	
2081	3	3	0.858209848		7974	6	6	0.741616547		7730	4	4	0.6737234		#N/A	#N/A	7974	
6169	5	5	0.858311594		1850	1	1	0.742198408		6065	5	5	0.673923731		6169	#N/A	1850	
4565	2	2	0.858367562		8637	4	4	0.74548763		485	9	9	0.675408483		4565	#N/A	8637	
3425	0	0	0.858480155		2207	3	3	0.745761991		8815	3	3	0.675660551		3425	#N/A	#N/A	
1300	4	4	0.858996451		245	3	3	0.746952772		5889	6	6	0.676862657		#N/A	#N/A	#N/A	
881	4	4	0.860279083		3676	9	9	0.747703373		7625	7	7	0.677592754		881	#N/A	#N/A	
68	3	3	0.860889792		5733	3	3	0.747799218		2181	3	3	0.677754462		68	68	5733	
4547	3	3	0.861641765		2966	0	0	0.749697328		7236	1	1	0.679308295		4547	4547	#N/A	
3966	4	4	0.861721337		7182	0	0	0.749895811		4477	6	6	0.679920554		#N/A	3966	7182	
5549	5	5	0.861764491		8350	9	9	0.750389457		6153	4	4	0.679936707		5549	#N/A	#N/A	
1883	3	3	0.865095437		8465	9	9	0.750450253		1165	0	0	0.680886447		1883	1883	8465	
6345	3	3	0.865686536		8901	5	5	0.750741541		5496	4	4	0.681888998		6345	#N/A	#N/A	
9429	4	4	0.866440296		4521	9	9	0.751391411		7437	3	3	0.681984186		9429	9429	4521	
4536	9	9	0.866585135		2588	4	4	0.752415001		5752	3	3	0.682582438		4536	#N/A	#N/A	
6637	9	9	0.868575931		9849	0	0	0.752795339		3346	4	4	0.682733476		6637	6637	#N/A	
6697	2	2	0.869321227		3890	7	7	0.754762053		2955	2	2	0.683066964		6697	6697	3890	
5469	5	5	0.869834006		8840	2	2	0.755142748		213	9	9	0.68327713		5469	5469	8840	
1088	3	3	0.870479822		6079	3	3	0.756252587		5552	5	5	0.68352288		1088	1088	6079	
744	9	9	0.870730579		2335	5	5	0.756812096		508	9	9	0.683675587		744	744	#N/A	
2507	0	0	0.871880829		7744	4	4	0.757399857		8617	3	3	0.683841586		#N/A	#N/A	7744	
6041	7	7	0.872296989		7137	5	5	0.758339942		3279	8	8	0.685658216		#N/A	#N/A	#N/A	
1606	3	3	0.872538269		7785	4	4	0.75906837		1965	0	0	0.686913073		1606	1606	7785	
623	2	2	0.872974992		8811	1	1	0.760161459		831	3	3	0.687912405		623	#N/A	#N/A	
1911	4	4	0.873210609		2076	3	3	0.7611444		8102	3	3	0.687966704		#N/A	#N/A	#N/A	
4248	3	3	0.874651909		6051	4	4	0.762055159		4019	7	7	0.688723862		4248	#N/A	6051	
4864	3	3	0.875183344		5318	1	1	0.763238847		9678	3	3	0.689570844		4864	4864	#N/A	
5129	2	2	0.875256419		4626	5	5	0.763488591		7377	3	3	0.690933228		5129	5129	#N/A	
7117	6	6	0.875685632		6739	0	0	0.763845146		9726	9	9	0.691075981		#N/A	7117	#N/A	
4526	3	3	0.875698805		7082	2	2	0.764005065		1759	5	5	0.69215852		4526	4526	7082	
213	9	9	0.876060545		2320	5	5	0.764945567		5335	9	9	0.693026543		213	213	#N/A	
6060	3	3	0.877741218		2957	8	8	0.765077055		887	1	1	0.693518937		#N/A	6060	2957	
4493	4	4	0.877770245		3318	8	8	0.765686393		2722	5	5	0.695995986		4493	4493	#N/A	
2809	4	4	0.877882421		4828	4	4	0.767514944		4924	7	7	0.696318686		2809	2809	#N/A	
1454	3	3	0.879987001		5848	4	4	0.767882884		9490	8	8	0.698139966		1454	1454	#N/A	
682	4	4	0.881390095		8985	9	9	0.769025922		8913	8	8	0.6988976		#N/A	#N/A	8985	
6884	0	0	0.881788671		4938	3	3	0.769369245		9557	5	5	0.698983252		6884	#N/A	4938	
4904	9	9	0.881882191		3264	5	5	0.769591689		8171	6	6	0.699362338		#N/A	#N/A	#N/A	
7453	0	0	0.882142901		5955	5	5	0.770103931		2241	0	0	0.699395657		#N/A	#N/A	5955	
8140	5	5	0.883975387		1307	2	2	0.770351112		1850	1	1	0.69958055		#N/A	8140	#N/A	
1121	3	3	0.884607852		9514	5	5	0.771167397		287	0	0	0.700160742		#N/A	1121	#N/A	
2065	2	2	0.885378301		1145	4	4	0.771294177		6705	3	3	0.700503945		#N/A	#N/A	#N/A	
8858	6	6	0.885381579		5074	0	0	0.771858096		3683	8	8	0.70057267		#N/A	#N/A	5074	
3417	7	7	0.887045741		3637	2	2	0.772229135		4612	7	7	0.701528072		3417	3417	3637	
2292	5	5	0.887256861		8279	3	3	0.77233845		4013	1	1	0.702049613		#N/A	#N/A	8279	
7940	2	2	0.888611972		2463	0	0	0.77355361		2957	8	8	0.704248786		#N/A	7940	2463	
78	3	3	0.888725102		6452	4	4	0.775831401		339	7	7	0.706489325		78	78	#N/A	
1782	3	3	0.88943994		5025	5	5	0.776323855		6531	4	4	0.707260251		#N/A	#N/A	#N/A	
4832	4	4	0.8900612		1372	1	1	0.776429772		4503	7	7	0.70770663		#N/A	#N/A	#N/A	
1368	3	3	0.890290082		6273	1	1	0.778432488		6637	9	9	0.707737446		#N/A	#N/A	#N/A	
3539	3	3	0.890463233		6530	3	3	0.780085862		1959	0	0	0.707877636		3539	3539	6530	
7729	9	9	0.891156912		4748	0	0	0.780155122		4135	1	1	0.708139896		#N/A	#N/A	4748	
4387	0	0	0.891497374		1708	7	7	0.780289829		8774	3	3	0.709676921		#N/A	#N/A	1708	
5327	0	0	0.892326057		7378	3	3	0.780291378		1407	8	8	0.712002575		5327	#N/A	7378	
1811	1	1	0.892889261		9940	4	4	0.781999767		1606	3	3	0.712333083		#N/A	1811	9940	
4032	3	3	0.893335223		8119	6	6	0.78638649		3953	7	7	0.712868214		4032	#N/A	8119	
7596	3	3	0.893594265		1128	4	4	0.787632108		2463	0	0	0.713262916		#N/A	7596	1128	
8224	3	3	0.894345045		6025	6	6	0.787707984		7723	3	3	0.71365273		#N/A	#N/A	#N/A	
7598	3	3	0.894988179		5013	0	0	0.787722349		2035	6	6	0.715738773		7598	7598	5013	
3952	4	4	0.895838857		8776	5	5	0.78918457		5733	3	3	0.716615915		#N/A	#N/A	#N/A	
287	0	0	0.896037221		8526	3	3	0.789204657		1128	4	4	0.717092037		#N/A	287	8526	
2425	0	0	0.896130323		9562	3	3	0.789902091		9238	9	9	0.718291402		#N/A	#N/A	9562	
1479	2	2	0.8962484		9315	7	7	0.789967		7939	2	2	0.719489217		1479	1479	9315	
3581	4	4	0.897635818		9791	9	9	0.790069401		2285	3	3	0.719996929		3581	3581	9791	
8178	9	9	0.89769125		1909	3	3	0.790084481		7062	4	4	0.720800042		#N/A	8178	1909	
9422	3	3	0.897938967		8161	5	5	0.79042393		9353	5	5	0.7226668		9422	9422	#N/A	
3315	3	3	0.898186445		9454	3	3	0.791515946		2436	6	6	0.722955227		#N/A	#N/A	9454	
2523	4	4	0.898552477		3082	7	7	0.791588604		4247	5	5	0.722962916		2523	#N/A	3082	
5552	5	5	0.898973465		9575	5	5	0.792945325		4833	2	2	0.725605011		5552	5552	#N/A	
5056	1	1	0.899178147		2782	0	0	0.794124186		735	4	4	0.725769818		5056	#N/A	#N/A	
2169	8	8	0.899452209		6705	3	3	0.795323193		7375	2	2	0.72653079		#N/A	#N/A	6705	
9380	5	5	0.899893641		1759	5	5	0.796366692		7201	4	4	0.726973116		9380	9380	1759	
6793	3	3	0.900859296		866	3	3	0.798052013		7037	7	7	0.727316856		6793	#N/A	866	
2301	2	2	0.90092361		9005	5	5	0.79824698		9923	7	7	0.727693737		#N/A	#N/A	9005	
8973	5	5	0.901634753		3997	2	2	0.798382699		9527	6	6	0.728307068		#N/A	#N/A	3997	
3899	6	6	0.901973605		195	2	2	0.799185634		1092	6	6	0.729152858		3899	#N/A	195	
5538	7	7	0.903521776		7255	3	3	0.799997687		5013	0	0	0.730247676		#N/A	#N/A	7255	
974	7	7	0.905940235		4630	2	2	0.801648676		7829	2	2	0.730760753		#N/A	#N/A	4630	
3463	3	3	0.905980051		9449	9	9	0.804259479		150	8	8	0.730993092		3463	3463	#N/A	
8283	1	1	0.907106519		6129	4	4	0.804613709		6201	3	3	0.731117725		#N/A	8283	#N/A	
3618	4	4	0.907733262		5123	7	7	0.805071533		1574	0	0	0.731254995		3618	3618	#N/A	
9576	3	3	0.90797472		9921	0	0	0.806791961		6349	0	0	0.731375337		9576	9576	#N/A	
9349	9	9	0.90951246		8254	8	8	0.807031035		4967	7	7	0.732271433		9349	#N/A	8254	
7074	3	3	0.909607112		9734	4	4	0.807701766		2622	0	0	0.732626379		#N/A	#N/A	9734	
1471	8	8	0.910072029		4552	5	5	0.80926311		3750	9	9	0.733945489		1471	#N/A	#N/A	
6283	3	3	0.911189079		4565	2	2	0.809724748		2174	9	9	0.735378027		6283	6283	#N/A	
5603	5	5	0.911683738		7125	5	5	0.809765041		3706	4	4	0.737537026		5603	5603	7125	
8684	2	2	0.912240028		5508	7	7	0.810567319		2129	9	9	0.737902403		#N/A	8684	5508	
8222	1	1	0.912508726		5835	3	3	0.811279416		8047	0	0	0.738218307		8222	8222	5835	
428	0	0	0.912512839		4494	8	8	0.811765134		4436	4	4	0.73839134		#N/A	#N/A	#N/A	
767	0	0	0.913618565		4273	5	5	0.812032998		6640	5	5	0.738724649		767	#N/A	#N/A	
145	7	7	0.913845181		9685	0	0	0.81283617		1838	6	6	0.7392084		#N/A	145	#N/A	
1462	4	4	0.914202332		4643	3	3	0.813566506		3038	3	3	0.739313424		1462	1462	4643	
1323	0	0	0.914246559		4204	2	2	0.813887179		1651	0	0	0.739327967		1323	1323	4204	
8345	9	9	0.914501607		2849	6	6	0.813977599		9625	2	2	0.739900053		#N/A	#N/A	2849	
8840	2	2	0.914866745		1959	0	0	0.814023316		7242	7	7	0.739981174		8840	8840	1959	
3570	3	3	0.915423512		4353	6	6	0.815142453		5532	3	3	0.741155684		#N/A	#N/A	#N/A	
9127	8	8	0.916282177		7313	3	3	0.816317916		2612	3	3	0.741324663		9127	#N/A	7313	
273	3	3	0.916637778		3920	7	7	0.81710273		8241	3	3	0.741768837		273	#N/A	#N/A	
9485	7	7	0.917005837		7829	2	2	0.818324447		2191	4	4	0.741930485		9485	#N/A	7829	
4939	0	0	0.917394757		4717	4	4	0.818912983		9080	3	3	0.742259204		#N/A	#N/A	#N/A	
7935	7	7	0.917555988		7401	3	3	0.818925679		1704	3	3	0.742265701		#N/A	#N/A	7401	
1822	7	7	0.918105304		2716	5	5	0.820249915		8637	4	4	0.742536068		1822	#N/A	2716	
6444	3	3	0.918230236		4248	3	3	0.820309758		12	5	5	0.74316895		6444	#N/A	#N/A	
2747	3	3	0.918882012		1822	7	7	0.821368754		3095	4	4	0.743233621		2747	2747	#N/A	
4561	3	3	0.919529855		1696	4	4	0.821462154		9940	4	4	0.743286431		#N/A	#N/A	#N/A	
1429	6	6	0.920003653		2638	4	4	0.822025895		7867	4	4	0.743287981		#N/A	1429	2638	
3765	0	0	0.920030177		4864	3	3	0.822147191		8869	5	5	0.744001329		3765	#N/A	4864	
3806	5	5	0.920063496		4513	4	4	0.822377622		129	2	2	0.745143831		3806	#N/A	#N/A	
1933	3	3	0.920214057		8611	7	7	0.822619319		4826	3	3	0.745564163		#N/A	#N/A	8611	
7956	4	4	0.920412779		6500	7	7	0.823311388		2902	9	9	0.745998502		7956	#N/A	6500	
7104	2	2	0.920753837		4266	3	3	0.823398829		8305	4	4	0.74770391		7104	7104	#N/A	
7580	8	8	0.920833409		7077	0	0	0.823614299		344	8	8	0.747784734		#N/A	#N/A	7077	
4521	9	9	0.921698928		623	2	2	0.82498157		7947	2	2	0.747841477		4521	4521	#N/A	
9541	4	4	0.922156394		4493	4	4	0.825205982		9380	5	5	0.748081684		#N/A	#N/A	4493	
4214	7	7	0.922288954		6958	7	7	0.826011539		9809	3	3	0.748189151		#N/A	#N/A	#N/A	
4228	0	0	0.922350705		5806	0	0	0.826273263		9959	2	2	0.748210132		#N/A	#N/A	5806	
2810	9	9	0.922802806		8949	7	7	0.827063382		8142	7	7	0.748479784		2810	2810	#N/A	
9193	0	0	0.922861099		3390	3	3	0.827154875		4162	0	0	0.748562574		#N/A	9193	3390	
6490	8	8	0.923071325		9820	0	0	0.827441931		1292	4	4	0.748864889		6490	#N/A	9820	
8842	4	4	0.923900068		4096	8	8	0.827654839		7802	2	2	0.748913288		8842	#N/A	4096	
9557	5	5	0.924173653		3025	2	2	0.827863872		3026	5	5	0.750394464		9557	9557	#N/A	
646	3	3	0.924338162		6039	8	8	0.828159392		324	4	4	0.750440478		#N/A	#N/A	#N/A	
2472	5	5	0.924611688		8153	4	4	0.82837975		8465	9	9	0.75109905		2472	2472	#N/A	
1094	6	6	0.925889194		6385	5	5	0.8299613		8775	1	1	0.751493275		#N/A	1094	6385	
9093	3	3	0.926436186		3312	9	9	0.830653667		3724	6	6	0.75178349		9093	#N/A	3312	
5430	7	7	0.926871419		6900	3	3	0.830768228		1518	3	3	0.752333701		5430	#N/A	#N/A	
2562	4	4	0.928746283		3539	3	3	0.831313491		7536	8	8	0.752498031		#N/A	#N/A	3539	
70	2	2	0.928837359		7857	4	4	0.831505895		1002	8	8	0.752899528		70	#N/A	7857	
8057	9	9	0.929058671		7924	3	3	0.831938803		9884	9	9	0.753529012		#N/A	#N/A	7924	
4375	3	3	0.929101884		2414	5	5	0.832543552		7343	7	7	0.755239367		4375	#N/A	2414	
12	5	5	0.929540157		1036	0	0	0.832570374		367	3	3	0.756470025		12	12	#N/A	
3131	7	7	0.930383384		2447	6	6	0.833075762		6438	4	4	0.756783903		3131	#N/A	2447	
7090	2	2	0.930762291		2605	4	4	0.833119929		2988	5	5	0.759884715		7090	7090	#N/A	
3508	3	3	0.930877686		9429	4	4	0.833311021		1326	6	6	0.760004044		3508	#N/A	9429	
9633	0	0	0.931054473		15	8	8	0.833329082		601	5	5	0.760389566		9633	9633	#N/A	
2910	8	8	0.932680011		818	8	8	0.833491921		4520	3	3	0.761507094		#N/A	#N/A	818	
8868	4	4	0.933006763		8604	6	6	0.83387202		9689	9	9	0.761582196		#N/A	8868	8604	
8759	7	7	0.933123231		1157	7	7	0.833937585		6707	2	2	0.761600673		#N/A	#N/A	#N/A	
802	4	4	0.933445096		7087	7	7	0.834118426		9815	5	5	0.761625648		#N/A	#N/A	#N/A	
8966	3	3	0.933488727		5240	1	1	0.835031688		5565	3	3	0.761693954		8966	8966	#N/A	
6814	9	9	0.933649361		189	0	0	0.835198641		5982	9	9	0.761812687		#N/A	#N/A	#N/A	
262	5	5	0.934070528		8516	8	8	0.835248351		7740	4	4	0.762467027		#N/A	#N/A	#N/A	
2756	9	9	0.934292912		768	5	5	0.835420966		7573	1	1	0.763566017		#N/A	#N/A	#N/A	
8611	7	7	0.934479475		2035	6	6	0.835525036		2752	3	3	0.76409924		8611	8611	2035	
4985	4	4	0.934765816		5050	3	3	0.836079776		5671	3	3	0.764319777		#N/A	#N/A	#N/A	
3412	0	0	0.935166061		2914	6	6	0.836371183		1580	6	6	0.766340554		3412	#N/A	#N/A	
6919	4	4	0.935548425		539	0	0	0.839870989		2125	1	1	0.766393721		#N/A	#N/A	#N/A	
5759	9	9	0.935917914		213	9	9	0.840412378		6500	7	7	0.766662836		#N/A	#N/A	213	
9276	7	7	0.935988188		5529	3	3	0.840754509		3186	7	7	0.766872585		#N/A	#N/A	#N/A	
7615	5	5	0.936016381		9485	7	7	0.841583073		2606	3	3	0.768051922		#N/A	7615	#N/A	
2017	5	5	0.936335385		2088	7	7	0.842395902		7104	2	2	0.769340158		#N/A	2017	#N/A	
8041	8	8	0.936388791		6645	6	6	0.842526019		3387	3	3	0.769615412		8041	8041	#N/A	
3442	6	6	0.936880708		3761	0	0	0.842783034		2083	2	2	0.770899951		#N/A	#N/A	#N/A	
9949	3	3	0.936962783		4448	4	4	0.842797101		388	2	2	0.77090317		#N/A	9949	4448	
6587	3	3	0.937379658		4955	2	2	0.844071686		8563	0	0	0.770958662		#N/A	#N/A	#N/A	
2952	3	3	0.938012242		860	4	4	0.844369471		5660	9	9	0.771453202		#N/A	#N/A	#N/A	
4821	4	4	0.938295662		5549	5	5	0.844772875		9027	5	5	0.772455871		#N/A	#N/A	#N/A	
229	6	6	0.938963294		1750	8	8	0.844943881		9313	7	7	0.773419261		229	229	#N/A	
3181	9	9	0.939563155		9930	8	8	0.84572196		8900	2	2	0.773670673		3181	#N/A	#N/A	
6688	1	1	0.940377593		6283	3	3	0.846147597		74	0	0	0.773760319		#N/A	#N/A	6283	
6481	0	0	0.940393567		9675	4	4	0.847036302		4530	5	5	0.775497437		#N/A	#N/A	#N/A	
2455	6	6	0.940565884		2466	2	2	0.84779042		6530	3	3	0.775905371		2455	2455	2466	
9275	8	8	0.941096723		1763	2	2	0.848572135		6703	2	2	0.776032746		#N/A	#N/A	#N/A	
148	5	5	0.942250133		6854	0	0	0.848656178		4721	1	1	0.77675283		148	#N/A	6854	
1763	2	2	0.942297339		4347	8	8	0.848997235		8525	3	3	0.777032971		1763	#N/A	#N/A	
484	5	5	0.942487597		5678	1	1	0.8492046		7756	5	5	0.778135777		#N/A	#N/A	5678	
2793	9	9	0.943021715		6391	9	9	0.849406242		6887	4	4	0.77850616		#N/A	#N/A	#N/A	
2807	9	9	0.943094611		2523	4	4	0.850227237		8841	2	2	0.778942168		2807	2807	#N/A	
3464	9	9	0.943104923		5212	5	5	0.850545049		1708	7	7	0.779285967		#N/A	#N/A	5212	
991	5	5	0.94344002		6707	2	2	0.850575089		2774	2	2	0.7794168		#N/A	#N/A	6707	
4376	7	7	0.943493605		8847	5	5	0.850949705		293	9	9	0.779480278		4376	#N/A	8847	
1156	1	1	0.943731546		3979	9	9	0.851433933		2508	6	6	0.780444384		#N/A	#N/A	#N/A	
2282	9	9	0.94373858		1462	4	4	0.851624072		4410	9	9	0.781994343		#N/A	#N/A	1462	
5927	6	6	0.944299579		7090	2	2	0.85231936		192	0	0	0.782039165		5927	#N/A	7090	
5963	9	9	0.944468021		9678	3	3	0.853393435		1462	4	4	0.783036411		5963	5963	9678	
8102	3	3	0.945201993		53	3	3	0.854387999		6959	5	5	0.783213317		#N/A	8102	#N/A	
642	0	0	0.94531405		1385	5	5	0.854459703		8402	0	0	0.783285618		#N/A	#N/A	1385	
6866	4	4	0.945398331		4307	3	3	0.855319381		2243	3	3	0.78368932		#N/A	#N/A	4307	
3070	0	0	0.945721686		2950	1	1	0.856404126		7632	0	0	0.784370184		#N/A	#N/A	#N/A	
8547	6	6	0.945872486		9633	0	0	0.856418073		9744	1	1	0.785075068		#N/A	#N/A	9633	
4637	3	3	0.94670403		3580	4	4	0.856786251		8504	1	1	0.785374641		#N/A	#N/A	#N/A	
4282	3	3	0.946840346		3758	2	2	0.856838405		3237	9	9	0.78595531		#N/A	#N/A	#N/A	
2129	9	9	0.94704473		601	5	5	0.857044995		9701	4	4	0.786167741		#N/A	2129	601	
3390	3	3	0.947401166		8492	0	0	0.857239604		8533	6	6	0.786606073		3390	3390	8492	
5724	5	5	0.947722375		5179	5	5	0.857376695		63	3	3	0.78865099		5724	#N/A	#N/A	
2088	7	7	0.947869837		4669	6	6	0.859200299		6796	6	6	0.789236903		2088	#N/A	#N/A	
2423	2	2	0.948352873		5552	5	5	0.860164583		1587	2	2	0.789434075		#N/A	#N/A	5552	
4277	3	3	0.949171722		1817	6	6	0.86023885		8317	5	5	0.789887369		#N/A	4277	#N/A	
519	8	8	0.949216068		1986	4	4	0.861494958		7648	0	0	0.790046453		#N/A	519	#N/A	
4216	0	0	0.949352503		3373	6	6	0.861549437		4747	5	5	0.790132523		#N/A	#N/A	#N/A	
8996	3	3	0.949760318		3618	4	4	0.86278671		1479	2	2	0.79083401		8996	#N/A	3618	
8399	5	5	0.949848711		1364	4	4	0.863378763		5290	3	3	0.791261494		8399	#N/A	#N/A	
56	7	7	0.950595856		5041	9	9	0.86348933		5531	8	8	0.791288376		#N/A	#N/A	5041	
6976	3	3	0.951176167		6872	0	0	0.863673687		323	3	3	0.79167676		6976	#N/A	6872	
4938	3	3	0.951548159		9316	3	3	0.864596844		1559	5	5	0.791794419		4938	4938	#N/A	
9873	2	2	0.951764882		9817	9	9	0.864658773		2299	6	6	0.792325079		#N/A	#N/A	9817	
324	4	4	0.952271581		4002	4	4	0.864748597		761	6	6	0.792476714		324	324	#N/A	
6680	3	3	0.952675402		2455	6	6	0.864929259		4303	5	5	0.792730927		#N/A	6680	2455	
367	3	3	0.95268029		5101	5	5	0.865230143		6422	4	4	0.792829514		367	367	#N/A	
7573	1	1	0.953328013		2114	2	2	0.865700006		1445	3	3	0.793904066		#N/A	7573	2114	
5562	4	4	0.953330636		2555	7	7	0.866496682		4179	6	6	0.793962836		#N/A	#N/A	2555	
3674	3	3	0.953621507		6884	0	0	0.866522193		155	5	5	0.794081569		#N/A	#N/A	#N/A	
9699	0	0	0.953623891		2888	7	7	0.867506742		2760	2	2	0.794425726		#N/A	9699	2888	
7821	2	2	0.953661442		7756	5	5	0.867670476		8966	3	3	0.795000672		7821	7821	7756	
2044	3	3	0.953796744		7056	2	2	0.868652284		9562	3	3	0.795511901		#N/A	#N/A	#N/A	
6513	5	5	0.953847051		7800	0	0	0.868780732		4972	8	8	0.79561168		6513	#N/A	#N/A	
4449	9	9	0.954108715		5311	9	9	0.86935389		6283	3	3	0.797367692		#N/A	#N/A	#N/A	
8639	7	7	0.954138577		8617	3	3	0.869850516		7846	6	6	0.799007595		#N/A	#N/A	8617	
9490	8	8	0.954622209		2316	5	5	0.870005131		6498	4	4	0.799335957		9490	9490	#N/A	
8271	3	3	0.955010533		9353	5	5	0.870198488		9659	4	4	0.800391257		#N/A	#N/A	9353	
5806	0	0	0.955018461		3321	0	0	0.870250285		4367	0	0	0.800806224		5806	5806	#N/A	
8231	3	3	0.955041707		3097	0	0	0.87025851		8872	8	8	0.800847769		#N/A	#N/A	#N/A	
1561	5	5	0.955317557		4479	7	7	0.871376455		2890	5	5	0.800872326		#N/A	1561	#N/A	
2130	0	0	0.956058323		5893	9	9	0.871675849		4307	3	3	0.801436841		#N/A	#N/A	#N/A	
7223	7	7	0.95613724		265	8	8	0.87176615		7596	3	3	0.801502347		#N/A	#N/A	265	
3835	3	3	0.956429422		4255	9	9	0.872454405		3364	4	4	0.801631033		3835	#N/A	#N/A	
1651	0	0	0.956521034		1636	5	5	0.873405397		3031	7	7	0.802595973		1651	1651	1636	
4358	5	5	0.957023203		4013	1	1	0.873599231		3986	7	7	0.802808821		#N/A	#N/A	4013	
9170	0	0	0.957149565		692	2	2	0.874147952		9633	0	0	0.802871823		#N/A	9170	692	
6771	5	5	0.957755089		2961	4	4	0.874628127		4589	3	3	0.8031919		#N/A	#N/A	2961	
4109	5	5	0.957883716		9590	0	0	0.874700129		4453	0	0	0.8032884		#N/A	#N/A	9590	
7736	3	3	0.957989454		994	6	6	0.875166953		3778	7	7	0.803483427		7736	7736	#N/A	
1527	5	5	0.957999229		8816	7	7	0.875262558		3863	2	2	0.804039001		1527	#N/A	#N/A	
7831	2	2	0.958170235		190	5	5	0.876350105		9576	3	3	0.804338098		#N/A	#N/A	#N/A	
7145	3	3	0.95820111		9059	2	2	0.876352847		1595	3	3	0.804534316		#N/A	7145	#N/A	
5241	4	4	0.958297789		1173	3	3	0.87664479		7924	3	3	0.804819405		#N/A	#N/A	#N/A	
2486	7	7	0.958409965		8775	1	1	0.878251791		9994	3	3	0.805588782		2486	2486	8775	
1395	3	3	0.958436072		6631	7	7	0.878655553		6320	0	0	0.80610925		#N/A	#N/A	6631	
8872	8	8	0.958453655		9127	8	8	0.878841579		1887	3	3	0.806166768		8872	8872	#N/A	
9996	3	3	0.958453774		7956	4	4	0.878939629		9869	7	7	0.807635128		9996	#N/A	#N/A	
1057	7	7	0.958678246		4376	7	7	0.879669189		1698	5	5	0.807925403		1057	#N/A	#N/A	
5581	6	6	0.958799541		9207	9	9	0.880081236		5482	5	5	0.808088601		#N/A	#N/A	#N/A	
5292	4	4	0.959139466		5646	4	4	0.880113959		86	2	2	0.808374584		#N/A	#N/A	5646	
8512	9	9	0.959244549		24	5	5	0.880166411		3502	8	8	0.808430791		#N/A	#N/A	#N/A	
3587	0	0	0.95928514		8461	7	7	0.880726755		6881	2	2	0.80862689		#N/A	#N/A	#N/A	
2299	6	6	0.959347427		4085	8	8	0.880851448		6778	2	2	0.80893594		2299	2299	#N/A	
8536	1	1	0.959361494		396	2	2	0.881128073		1385	5	5	0.809747994		8536	#N/A	#N/A	
394	9	9	0.959433615		6997	8	8	0.881543815		6631	7	7	0.809809864		#N/A	#N/A	#N/A	
9102	7	7	0.959511697		7471	6	6	0.882207811		1766	6	6	0.810501695		#N/A	#N/A	7471	
4286	2	2	0.960079908		1584	7	7	0.882418633		9061	7	7	0.811792612		#N/A	#N/A	#N/A	
3612	1	1	0.960831761		5086	3	3	0.882556796		1056	3	3	0.812345803		3612	3612	#N/A	
9770	4	4	0.960835278		5203	6	6	0.882685423		6680	3	3	0.812409401		#N/A	9770	#N/A	
3151	8	8	0.961164236		3581	4	4	0.882887363		3962	4	4	0.812863648		#N/A	#N/A	3581	
7115	0	0	0.961238444		5694	5	5	0.883497179		8518	9	9	0.812872231		#N/A	#N/A	5694	
6434	0	0	0.961556256		7520	4	4	0.883761466		5637	7	7	0.813102365		#N/A	#N/A	7520	
2199	2	2	0.961618185		1454	3	3	0.883824408		8178	9	9	0.813402891		#N/A	2199	1454	
7491	9	9	0.962338328		7989	7	7	0.883987129		7823	7	7	0.813734412		7491	7491	#N/A	
7629	6	6	0.962438822		3995	7	7	0.8840608		9067	9	9	0.814130187		#N/A	#N/A	3995	
7443	7	7	0.962852716		4963	3	3	0.884396613		6607	7	7	0.814157605		#N/A	#N/A	4963	
8051	9	9	0.963126361		8551	8	8	0.884596109		1547	2	2	0.814198852		#N/A	#N/A	#N/A	
4101	2	2	0.963348985		9090	2	2	0.884994149		771	1	1	0.814591527		#N/A	#N/A	#N/A	
9801	6	6	0.96361047		9445	9	9	0.885149062		2114	2	2	0.814738512		9801	9801	#N/A	
7686	9	9	0.963650584		4780	0	0	0.885170996		9867	8	8	0.814779043		#N/A	#N/A	4780	
2868	9	9	0.963744581		78	3	3	0.885331571		7399	3	3	0.81495744		#N/A	#N/A	78	
9888	0	0	0.963894844		8536	1	1	0.885390997		8473	2	2	0.815160096		#N/A	#N/A	#N/A	
9924	4	4	0.964483202		3549	1	1	0.885686398		95	6	6	0.815322578		9924	#N/A	#N/A	
9678	3	3	0.964486659		3601	0	0	0.886023939		2978	2	2	0.81559062		9678	9678	#N/A	
4673	0	0	0.9648031		3458	5	5	0.886488616		8254	8	8	0.815781832		#N/A	#N/A	#N/A	
1032	6	6	0.964877129		3053	4	4	0.886911988		7554	7	7	0.815805733		#N/A	#N/A	#N/A	
6128	0	0	0.964917183		2704	0	0	0.886912465		6017	9	9	0.816101849		#N/A	#N/A	#N/A	
7402	0	0	0.965101719		9877	6	6	0.887472153		3827	4	4	0.816770375		7402	#N/A	#N/A	
6876	7	7	0.96513015		5441	5	5	0.887592375		361	5	5	0.816791236		6876	6876	5441	
8064	0	0	0.965213537		8272	9	9	0.887599051		3463	3	3	0.817465544		#N/A	#N/A	#N/A	
183	2	2	0.965259194		70	2	2	0.887777328		1121	3	3	0.817627013		#N/A	183	#N/A	
7959	5	5	0.965259731		1166	3	3	0.887881756		7916	4	4	0.817692161		7959	7959	1166	
8199	4	4	0.965382159		4114	4	4	0.888086915		5389	4	4	0.818536043		#N/A	8199	#N/A	
15	8	8	0.965396225		1764	5	5	0.888332188		2571	9	9	0.818560362		15	#N/A	#N/A	
5605	3	3	0.965435147		3577	9	9	0.88840127		9139	4	4	0.819400609		#N/A	#N/A	3577	
489	0	0	0.965472281		7916	4	4	0.888831317		1883	3	3	0.819580019		#N/A	#N/A	7916	
8144	9	9	0.965490341		1440	0	0	0.888838768		5821	8	8	0.819972336		#N/A	8144	#N/A	
6678	7	7	0.965542734		9093	3	3	0.889190674		5826	7	7	0.820028424		#N/A	#N/A	#N/A	
2567	4	4	0.966104269		368	8	8	0.889460266		8868	4	4	0.820115447		2567	#N/A	#N/A	
4220	4	4	0.966159701		5266	4	4	0.889576733		6060	3	3	0.82049644		4220	#N/A	#N/A	
692	2	2	0.96626997		22	4	4	0.890397251		3849	5	5	0.820712447		692	692	#N/A	
1636	5	5	0.966283679		8656	7	7	0.890618563		1166	3	3	0.820823193		1636	1636	#N/A	
1480	1	1	0.966364503		7330	5	5	0.891179085		3612	1	1	0.821505368		#N/A	#N/A	#N/A	
9223	1	1	0.966596782		9924	4	4	0.891182661		4448	4	4	0.821997762		#N/A	9223	#N/A	
6127	5	5	0.966673613		3682	3	3	0.89120084		7857	4	4	0.822664261		6127	6127	3682	
774	0	0	0.966707945		3575	3	3	0.89136523		4391	3	3	0.824537575		774	774	#N/A	
2506	3	3	0.966726422		8715	2	2	0.891380608		3625	8	8	0.824823081		#N/A	2506	#N/A	
814	0	0	0.966813743		9389	8	8	0.891483843		480	8	8	0.825040638		#N/A	#N/A	#N/A	
7807	3	3	0.967092216		2211	7	7	0.892013371		3610	5	5	0.825791597		#N/A	#N/A	#N/A	
3711	6	6	0.967148066		6035	5	5	0.89222002		7490	4	4	0.825850248		#N/A	#N/A	6035	
2957	8	8	0.967165112		8219	3	3	0.89256835		760	3	3	0.826472938		2957	2957	#N/A	
3511	0	0	0.96718967		5539	4	4	0.892833471		2427	5	5	0.826842666		3511	#N/A	#N/A	
9595	7	7	0.967310965		6326	7	7	0.893653572		678	0	0	0.827416897		#N/A	#N/A	6326	
5990	8	8	0.967372358		6825	3	3	0.894165277		2142	1	1	0.828474641		#N/A	#N/A	#N/A	
3254	3	3	0.96746999		1651	0	0	0.894547343		2989	5	5	0.83044982		#N/A	3254	1651	
8617	3	3	0.967502654		7440	3	3	0.896021783		68	3	3	0.830537021		8617	8617	#N/A	
6670	3	3	0.967696071		2468	0	0	0.896314204		6168	3	3	0.830644727		#N/A	#N/A	#N/A	
7403	4	4	0.96770823		4632	5	5	0.896582782		9826	0	0	0.830842316		#N/A	7403	4632	
5896	8	8	0.968002379		8402	0	0	0.896635532		8252	2	2	0.831845045		5896	#N/A	8402	
4681	9	9	0.968005419		7104	2	2	0.896689951		2066	2	2	0.832115829		#N/A	#N/A	7104	
6125	8	8	0.968169749		1057	7	7	0.896794558		8487	4	4	0.832277715		6125	6125	#N/A	
9346	7	7	0.968309641		5819	2	2	0.897104859		4065	4	4	0.832437158		#N/A	9346	#N/A	
7913	8	8	0.968413055		7321	2	2	0.897174358		3298	3	3	0.832544804		#N/A	#N/A	#N/A	
6025	6	6	0.968426943		2539	8	8	0.897514999		265	8	8	0.833401382		6025	#N/A	#N/A	
9143	9	9	0.968507349		5490	3	3	0.897782326		3429	0	0	0.833780408		#N/A	9143	#N/A	
5525	3	3	0.968549609		1527	5	5	0.898336709		5837	2	2	0.833786488		#N/A	#N/A	#N/A	
3682	3	3	0.96868819		6877	0	0	0.89852047		3084	3	3	0.834175467		3682	3682	#N/A	
9734	4	4	0.969183981		5344	2	2	0.898725808		6367	4	4	0.834999859		9734	9734	#N/A	
1698	5	5	0.969346106		2501	4	4	0.898866117		8847	5	5	0.835146427		#N/A	1698	2501	
5734	6	6	0.969372809		2684	3	3	0.899259388		3801	2	2	0.835581303		#N/A	#N/A	#N/A	
1838	6	6	0.969494462		9459	0	0	0.899293125		4852	9	9	0.835686862		#N/A	1838	#N/A	
8336	3	3	0.969715238		4764	5	5	0.899740875		3654	3	3	0.836129904		#N/A	#N/A	#N/A	
2606	3	3	0.969755173		6422	4	4	0.899840593		7465	0	0	0.836325169		2606	2606	6422	
9985	5	5	0.969870508		4354	7	7	0.899869442		2823	3	3	0.836806417		#N/A	9985	#N/A	
3426	0	0	0.969989181		7367	3	3	0.900205076		6875	5	5	0.837331057		#N/A	#N/A	#N/A	
9956	0	0	0.96999532		5377	5	5	0.900257647		2298	0	0	0.837632596		#N/A	#N/A	5377	
22	4	4	0.970007598		9351	1	1	0.900478959		6111	3	3	0.838387966		22	#N/A	#N/A	
2597	2	2	0.970128179		1958	6	6	0.900612772		6375	3	3	0.839514554		2597	#N/A	#N/A	
2019	9	9	0.970172703		3998	2	2	0.90137136		9435	2	2	0.83960706		#N/A	#N/A	#N/A	
9946	0	0	0.970379293		3863	2	2	0.901556075		1398	7	7	0.839854777		#N/A	9946	3863	
8985	9	9	0.970661163		862	3	3	0.901598811		8177	8	8	0.840382636		8985	8985	#N/A	
9527	6	6	0.9708426		728	6	6	0.901657641		1328	5	5	0.84063822		9527	9527	#N/A	
2963	3	3	0.970859528		3414	3	3	0.901695669		7598	3	3	0.840942204		#N/A	#N/A	3414	
866	3	3	0.970880866		4932	9	9	0.903260112		6812	0	0	0.841010094		866	866	#N/A	
5717	6	6	0.971179307		5814	8	8	0.90394032		1088	3	3	0.841584742		5717	#N/A	#N/A	
7520	4	4	0.971211255		4720	8	8	0.904285371		2832	3	3	0.842624784		7520	7520	4720	
4988	5	5	0.971349478		21	0	0	0.904397905		2961	4	4	0.843103051		#N/A	4988	#N/A	
4715	9	9	0.97152698		4730	2	2	0.904484391		2995	4	4	0.843141794		#N/A	#N/A	4730	
4880	0	0	0.971830666		9636	6	6	0.904623568		9157	3	3	0.843291819		4880	#N/A	#N/A	
6854	0	0	0.971978962		6439	3	3	0.905128419		1690	2	2	0.843672037		6854	6854	#N/A	
4967	7	7	0.97220695		1155	9	9	0.905286372		7736	3	3	0.843697131		4967	4967	#N/A	
9701	4	4	0.972325623		2395	7	7	0.905623257		2689	5	5	0.844047368		#N/A	9701	2395	
4833	2	2	0.972697794		7413	1	1	0.905818045		8526	3	3	0.844285786		#N/A	4833	7413	
3382	2	2	0.972833037		2989	5	5	0.906768799		1568	0	0	0.845508635		#N/A	#N/A	2989	
3420	5	5	0.972846687		5482	5	5	0.907105505		3531	8	8	0.845617533		3420	#N/A	5482	
2684	3	3	0.972899258		6379	8	8	0.907220006		3312	9	9	0.846347749		2684	#N/A	#N/A	
53	3	3	0.972937047		2200	0	0	0.907243073		9122	9	9	0.847075999		53	#N/A	#N/A	
4730	2	2	0.973135591		47	9	9	0.907401145		7113	9	9	0.847606421		4730	4730	47	
7411	5	5	0.973161221		6371	1	1	0.90763092		5205	8	8	0.847787499		7411	7411	6371	
6606	4	4	0.973224819		652	5	5	0.908192992		6051	4	4	0.84811902		#N/A	#N/A	#N/A	
2664	4	4	0.973546803		1722	6	6	0.908239007		2155	9	9	0.848730147		#N/A	#N/A	#N/A	
85	5	5	0.973558545		4956	5	5	0.908324063		4275	5	5	0.849090576		#N/A	#N/A	#N/A	
5088	8	8	0.973574698		2398	8	8	0.908516407		6204	4	4	0.849250555		#N/A	#N/A	#N/A	
5532	3	3	0.973599374		7095	4	4	0.908979774		1548	5	5	0.84928596		5532	5532	7095	
2001	5	5	0.973694265		2807	9	9	0.909196734		3044	7	7	0.850356519		2001	#N/A	2807	
5638	4	4	0.973775446		485	9	9	0.909229994		5754	3	3	0.851448536		#N/A	5638	485	
5104	8	8	0.97428304		5287	7	7	0.909535348		4845	3	3	0.8524912		#N/A	#N/A	5287	
4634	7	7	0.97434777		9535	1	1	0.909713447		7491	9	9	0.852496982		#N/A	4634	9535	
480	8	8	0.974390864		3525	2	2	0.910052776		3618	4	4	0.852597773		#N/A	480	#N/A	
5718	1	1	0.974410355		8099	3	3	0.910796225		195	2	2	0.852624714		#N/A	#N/A	#N/A	
2381	5	5	0.97445631		9515	0	0	0.910838246		9223	1	1	0.853280902		#N/A	#N/A	#N/A	
7835	0	0	0.97448349		2774	2	2	0.911076248		2390	1	1	0.853281796		#N/A	#N/A	2774	
4147	3	3	0.974489331		2171	2	2	0.911270857		349	9	9	0.854621053		4147	#N/A	2171	
9452	2	2	0.974575043		2299	6	6	0.91149801		9563	1	1	0.854849279		9452	9452	2299	
3114	2	2	0.974625647		4023	4	4	0.911647677		8457	2	2	0.855161548		#N/A	#N/A	#N/A	
8662	3	3	0.974942267		6619	0	0	0.911695898		9773	9	9	0.855464339		8662	#N/A	#N/A	
5733	3	3	0.974990189		2571	9	9	0.912569702		4780	0	0	0.855628312		5733	5733	2571	
6053	4	4	0.974996746		4842	2	2	0.912968755		2888	7	7	0.85593313		#N/A	#N/A	#N/A	
5371	7	7	0.975135505		6930	2	2	0.913164616		473	0	0	0.856342316		#N/A	#N/A	#N/A	
7300	3	3	0.975283325		3967	4	4	0.913715184		6134	3	3	0.856438935		#N/A	#N/A	#N/A	
5752	3	3	0.975800097		5210	5	5	0.913794935		4172	5	5	0.856793225		#N/A	5752	#N/A	
6507	4	4	0.975836217		9529	9	9	0.914222658		78	3	3	0.856928885		#N/A	#N/A	#N/A	
387	2	2	0.975839496		3181	9	9	0.914245248		1989	6	6	0.857167423		#N/A	#N/A	#N/A	
1022	0	0	0.975953937		3067	3	3	0.914269686		2543	3	3	0.857391953		#N/A	#N/A	#N/A	
5466	8	8	0.975973368		5493	3	3	0.914548993		2668	0	0	0.857572615		#N/A	#N/A	5493	
5646	4	4	0.976084411		2622	0	0	0.914565325		9215	5	5	0.858067513		5646	5646	2622	
7651	4	4	0.976194143		6299	3	3	0.915330708		1976	5	5	0.85818404		#N/A	#N/A	#N/A	
7374	3	3	0.976293325		6276	7	7	0.915644765		5071	1	1	0.858592272		#N/A	7374	#N/A	
5013	0	0	0.976334691		3079	8	8	0.915674746		3357	8	8	0.858709693		5013	5013	#N/A	
2811	2	2	0.976430357		556	6	6	0.916014314		3996	6	6	0.858894169		2811	#N/A	#N/A	
8424	5	5	0.976597726		1640	7	7	0.916164458		541	7	7	0.858895302		#N/A	#N/A	1640	
1887	3	3	0.976717532		6950	8	8	0.916228592		7589	6	6	0.859850347		#N/A	1887	#N/A	
7305	6	6	0.976760328		1816	7	7	0.917117834		4537	3	3	0.860469341		#N/A	#N/A	#N/A	
6148	4	4	0.976803958		8504	1	1	0.917749822		2325	7	7	0.861158371		#N/A	#N/A	8504	
5597	3	3	0.976976573		3593	2	2	0.917799771		3909	5	5	0.861359537		#N/A	#N/A	#N/A	
7310	3	3	0.97705096		5297	6	6	0.917802572		145	7	7	0.86161828		#N/A	7310	#N/A	
8475	9	9	0.977279007		8518	9	9	0.91790992		8591	6	6	0.861844718		#N/A	#N/A	8518	
4589	3	3	0.977399707		8541	8	8	0.917995214		600	8	8	0.861926019		4589	4589	#N/A	
9991	0	0	0.977510273		5401	2	2	0.918041527		4277	3	3	0.862448335		#N/A	#N/A	#N/A	
3031	7	7	0.977727413		1628	4	4	0.918578625		3320	2	2	0.862624288		#N/A	3031	#N/A	
5413	3	3	0.977738261		1606	3	3	0.919322371		5040	3	3	0.862691164		#N/A	#N/A	1606	
1299	7	7	0.977769911		4589	3	3	0.920035541		3235	5	5	0.863030136		1299	1299	4589	
7416	1	1	0.977789521		5283	4	4	0.920243859		2723	2	2	0.863072336		7416	#N/A	#N/A	
4617	3	3	0.977813125		1942	2	2	0.920357227		6836	4	4	0.86327529		4617	4617	1942	
9732	9	9	0.977851987		4381	7	7	0.920977831		446	5	5	0.864259303		#N/A	#N/A	#N/A	
9356	0	0	0.977927029		2726	5	5	0.921139061		9781	3	3	0.864386499		#N/A	#N/A	#N/A	
5123	7	7	0.977958381		2762	4	4	0.921280503		5041	9	9	0.864922106		5123	#N/A	#N/A	
7275	3	3	0.978006124		2435	6	6	0.921284437		9943	7	7	0.865627408		#N/A	#N/A	2435	
9869	7	7	0.978138506		1837	9	9	0.922145903		9193	0	0	0.866114736		#N/A	9869	1837	
165	4	4	0.97817719		5172	4	4	0.922372401		6229	6	6	0.866521478		#N/A	#N/A	#N/A	
201	1	1	0.978263319		4492	8	8	0.922576308		1561	5	5	0.866578281		#N/A	#N/A	#N/A	
7916	4	4	0.978356421		6232	2	2	0.923117816		3844	2	2	0.86670357		7916	7916	#N/A	
4574	3	3	0.97839582		9349	9	9	0.923606396		1636	5	5	0.866919398		4574	4574	#N/A	
9850	7	7	0.978402853		6237	3	3	0.92381382		5377	5	5	0.867682993		#N/A	9850	6237	
4503	7	7	0.978427052		5337	5	5	0.923955202		8700	3	3	0.867761612		#N/A	4503	#N/A	
9676	3	3	0.978502929		3240	4	4	0.924116373		9506	4	4	0.867841601		#N/A	9676	3240	
6656	6	6	0.978525341		7285	1	1	0.924178183		4650	6	6	0.868287325		#N/A	6656	#N/A	
1788	3	3	0.978586972		8084	5	5	0.924192011		9978	7	7	0.868510783		1788	#N/A	8084	
4596	7	7	0.978651106		5905	1	1	0.924936831		5820	5	5	0.868639231		#N/A	#N/A	#N/A	
1898	0	0	0.978666544		9032	9	9	0.92501086		2933	4	4	0.868672609		#N/A	#N/A	#N/A	
1014	3	3	0.978898406		1625	3	3	0.925085425		6871	9	9	0.868988991		1014	#N/A	#N/A	
3025	2	2	0.979071558		4074	2	2	0.925569415		1870	2	2	0.868996561		3025	#N/A	4074	
3654	3	3	0.97910881		4885	2	2	0.92558527		8497	4	4	0.869298518		3654	3654	#N/A	
8687	6	6	0.979170799		4337	1	1	0.925600588		5180	9	9	0.86934334		#N/A	8687	#N/A	
2752	3	3	0.979228497		863	3	3	0.925772011		6687	3	3	0.869529784		#N/A	2752	#N/A	
6280	8	8	0.979272842		2421	8	8	0.925863862		5963	9	9	0.869539201		6280	6280	#N/A	
7100	9	9	0.97938776		6713	2	2	0.926036775		1944	4	4	0.870031595		#N/A	#N/A	#N/A	
9563	1	1	0.979412436		3702	1	1	0.926405907		6954	7	7	0.870674849		#N/A	9563	#N/A	
8841	2	2	0.979425371		6538	3	3	0.926424682		3949	5	5	0.87083298		#N/A	8841	6538	
3085	2	2	0.979466081		3765	0	0	0.926459372		2171	2	2	0.870938063		3085	#N/A	#N/A	
7378	3	3	0.979650497		8222	1	1	0.926574111		5487	6	6	0.871266603		7378	7378	8222	
4947	5	5	0.979725301		1888	2	2	0.926702082		7125	5	5	0.871545255		#N/A	#N/A	#N/A	
3469	9	9	0.979875028		5716	0	0	0.926803648		9338	3	3	0.871689677		#N/A	#N/A	5716	
7537	4	4	0.979904175		4792	0	0	0.926857352		2090	2	2	0.872169316		#N/A	#N/A	4792	
7863	0	0	0.979955375		2472	5	5	0.927369833		4362	4	4	0.872323096		#N/A	#N/A	2472	
8600	3	3	0.980181396		8100	6	6	0.927601278		6035	5	5	0.872424841		#N/A	8600	#N/A	
9291	8	8	0.980249286		4545	3	3	0.92777282		4963	3	3	0.87257719		#N/A	9291	4545	
9325	6	6	0.980334878		639	5	5	0.928138733		9376	5	5	0.872640967		#N/A	#N/A	639	
2788	7	7	0.980412781		3771	2	2	0.9283005		5287	7	7	0.872687936		#N/A	#N/A	#N/A	
5283	4	4	0.980419338		8011	8	8	0.929013371		183	2	2	0.872963846		5283	#N/A	#N/A	
3330	7	7	0.980442226		2672	0	0	0.929503083		8478	5	5	0.873238802		#N/A	#N/A	2672	
5311	9	9	0.980479062		200	5	5	0.929555058		5498	9	9	0.873798013		5311	#N/A	#N/A	
8775	1	1	0.980503559		1479	2	2	0.929588854		4995	2	2	0.874130666		8775	8775	1479	
9642	0	0	0.980632186		3227	2	2	0.929898202		9429	4	4	0.874148905		#N/A	#N/A	#N/A	
2067	7	7	0.98078692		7242	7	7	0.930027723		6311	3	3	0.874342322		2067	#N/A	7242	
3228	3	3	0.980921149		96	6	6	0.930066288		7809	0	0	0.874518394		#N/A	#N/A	#N/A	
8376	7	7	0.981025755		4215	1	1	0.930484712		8894	0	0	0.874545217		#N/A	#N/A	#N/A	
4352	3	3	0.981120527		7491	9	9	0.930822849		7805	9	9	0.874735057		#N/A	4352	7491	
5185	3	3	0.981165528		3827	4	4	0.931110799		1730	4	4	0.874859512		#N/A	#N/A	3827	
9204	9	9	0.981181026		597	3	3	0.931414962		3093	7	7	0.875318408		9204	9204	#N/A	
8549	1	1	0.981182754		332	3	3	0.931631565		6442	6	6	0.875746548		8549	#N/A	#N/A	
3352	2	2	0.981220841		6746	2	2	0.931686997		2049	3	3	0.876108348		#N/A	#N/A	6746	
4609	8	8	0.981277764		5736	9	9	0.93186897		3569	9	9	0.876111329		#N/A	#N/A	#N/A	
9404	3	3	0.981354237		6759	1	1	0.932122469		4643	3	3	0.876193821		9404	#N/A	6759	
8003	4	4	0.981601		3728	2	2	0.932333469		9005	5	5	0.876682162		#N/A	8003	3728	
3026	5	5	0.98165983		8208	8	8	0.932631671		2809	4	4	0.876700044		3026	3026	8208	
1248	2	2	0.981667876		8077	3	3	0.932842433		3361	4	4	0.87732935		#N/A	1248	8077	
2521	9	9	0.981720567		2988	5	5	0.933142662		8855	4	4	0.877455115		2521	#N/A	2988	
3614	3	3	0.981729448		7399	3	3	0.933149278		5987	3	3	0.877557218		#N/A	3614	7399	
4468	9	9	0.981866419		8563	0	0	0.933192492		4089	5	5	0.878767014		#N/A	4468	8563	
8855	4	4	0.982071221		1835	0	0	0.9332968		2455	6	6	0.879026055		#N/A	8855	#N/A	
4114	4	4	0.982108057		3041	4	4	0.934111595		4137	4	4	0.879137039		4114	#N/A	3041	
1201	7	7	0.982166767		829	3	3	0.934214056		9734	4	4	0.879139364		#N/A	#N/A	829	
7632	0	0	0.982268572		2723	2	2	0.934291065		4495	3	3	0.879174829		#N/A	7632	2723	
3084	3	3	0.982326865		2245	8	8	0.934387565		7828	5	5	0.879404962		3084	3084	#N/A	
1350	4	4	0.982330799		6125	8	8	0.93445009		3637	2	2	0.879623055		#N/A	#N/A	6125	
1389	5	5	0.982406974		8896	8	8	0.934774756		3258	0	0	0.879681349		#N/A	#N/A	#N/A	
9446	5	5	0.982599378		3801	2	2	0.934827805		459	6	6	0.879785061		#N/A	#N/A	3801	
3053	4	4	0.982600987		6389	5	5	0.935101151		3539	3	3	0.879822612		3053	#N/A	#N/A	
5529	3	3	0.982735336		2567	4	4	0.935545266		2237	6	6	0.880275905		5529	#N/A	#N/A	
323	3	3	0.982777476		5897	4	4	0.935922623		8292	9	9	0.880405545		323	323	#N/A	
5575	3	3	0.982831895		1091	8	8	0.936174154		7861	0	0	0.880817831		#N/A	#N/A	#N/A	
1837	9	9	0.982862294		3506	2	2	0.936201811		7452	4	4	0.880978882		1837	1837	3506	
2937	3	3	0.983061552		5290	3	3	0.93648988		1785	0	0	0.881598473		#N/A	2937	5290	
634	7	7	0.9831056		8842	4	4	0.936560035		8574	4	4	0.882135987		#N/A	#N/A	#N/A	
7730	4	4	0.983161807		8276	9	9	0.936698258		3506	2	2	0.8824476		7730	7730	#N/A	
8171	6	6	0.983195603		8625	5	5	0.936724961		9699	0	0	0.882473707		8171	8171	#N/A	
6862	5	5	0.9832744		550	5	5	0.936903238		1294	8	8	0.882477164		#N/A	#N/A	550	
8690	8	8	0.983315885		6677	5	5	0.936906338		2017	5	5	0.882491469		#N/A	8690	#N/A	
9288	8	8	0.983497739		5563	1	1	0.937254965		6873	3	3	0.882503331		9288	9288	#N/A	
6213	3	3	0.983509362		7248	4	4	0.937339783		2598	3	3	0.882629514		6213	6213	#N/A	
4593	5	5	0.983551323		5754	3	3	0.937341034		1811	1	1	0.882651091		#N/A	#N/A	5754	
3853	9	9	0.98365581		139	9	9	0.937418759		8624	9	9	0.882686436		#N/A	#N/A	139	
5493	3	3	0.983668029		9121	3	3	0.937575817		1682	7	7	0.88312161		5493	5493	#N/A	
3890	7	7	0.98379451		3214	6	6	0.938036203		3872	7	7	0.883961976		3890	3890	#N/A	
817	5	5	0.983851373		6865	3	3	0.938357353		7776	5	5	0.884362578		817	#N/A	#N/A	
6765	8	8	0.98394841		5896	8	8	0.938472748		3414	3	3	0.884603024		#N/A	6765	#N/A	
8208	8	8	0.984121203		3173	9	9	0.938614905		6280	8	8	0.884610116		8208	8208	#N/A	
4999	1	1	0.984284759		9576	3	3	0.939128458		7258	5	5	0.884866059		#N/A	#N/A	9576	
661	4	4	0.984330356		8174	3	3	0.939281642		103	3	3	0.884937286		661	#N/A	#N/A	
7375	2	2	0.984383464		5982	9	9	0.940564275		2638	4	4	0.884946585		#N/A	7375	5982	
7343	7	7	0.984411776		8848	3	3	0.940781176		5504	5	5	0.885073483		7343	7343	8848	
2329	4	4	0.984434307		1299	7	7	0.941071808		127	3	3	0.885096848		#N/A	#N/A	1299	
7055	8	8	0.98444128		192	0	0	0.941075206		468	7	7	0.885588169		#N/A	7055	192	
8836	4	4	0.984556913		6902	4	4	0.941188216		9926	3	3	0.885656238		8836	8836	6902	
6452	4	4	0.984673083		6637	9	9	0.941212177		3019	5	5	0.88595891		6452	#N/A	6637	
5251	5	5	0.984678507		5093	0	0	0.941459894		6765	8	8	0.886378407		#N/A	#N/A	5093	
9791	9	9	0.984769821		1883	3	3	0.94183439		4490	0	0	0.886428416		9791	9791	1883	
2812	0	0	0.984799504		6640	5	5	0.942118704		8041	8	8	0.886600137		#N/A	#N/A	6640	
6661	4	4	0.984867156		8317	5	5	0.94219774		7471	6	6	0.886720538		#N/A	#N/A	8317	
8599	4	4	0.984880209		478	5	5	0.942570388		5578	3	3	0.887206912		#N/A	8599	#N/A	
4805	5	5	0.984896302		6924	5	5	0.942575693		9084	5	5	0.887310624		#N/A	#N/A	#N/A	
7386	5	5	0.984941065		3922	2	2	0.942673028		6085	2	2	0.887369275		#N/A	#N/A	#N/A	
4770	9	9	0.984954238		7062	4	4	0.942724526		7117	6	6	0.887378097		#N/A	#N/A	7062	
3391	3	3	0.984984279		8333	1	1	0.942725599		1008	9	9	0.887670338		#N/A	3391	#N/A	
912	0	0	0.985042393		7402	0	0	0.94288516		3997	2	2	0.887693822		912	912	#N/A	
6284	0	0	0.98504293		8533	6	6	0.94297123		3011	3	3	0.888187706		6284	#N/A	8533	
1124	3	3	0.985068619		2486	7	7	0.943053722		3602	3	3	0.888432026		#N/A	#N/A	2486	
1253	8	8	0.985119641		9289	5	5	0.943168461		1094	6	6	0.888730586		#N/A	#N/A	#N/A	
8700	3	3	0.985131443		1649	5	5	0.94323194		2419	4	4	0.889956117		8700	8700	#N/A	
499	0	0	0.985272825		7806	9	9	0.943413258		3682	3	3	0.890276313		#N/A	#N/A	#N/A	
3248	0	0	0.985295177		4099	4	4	0.943418026		9535	1	1	0.890276611		#N/A	#N/A	4099	
368	8	8	0.98537755		2536	5	5	0.943763435		8084	5	5	0.890381098		368	#N/A	#N/A	
4227	4	4	0.985398889		2612	3	3	0.943826258		6046	2	2	0.890765786		4227	#N/A	2612	
4315	6	6	0.985452473		4032	3	3	0.943996012		139	9	9	0.891026318		4315	4315	#N/A	
7288	7	7	0.985647917		4943	6	6	0.944156229		3581	4	4	0.891271949		#N/A	7288	#N/A	
807	4	4	0.985683918		9422	3	3	0.944478512		3443	4	4	0.891299903		#N/A	#N/A	9422	
599	3	3	0.985779524		7341	4	4	0.944753289		6828	3	3	0.891409755		#N/A	#N/A	7341	
7095	4	4	0.985789359		6280	8	8	0.944872677		7404	8	8	0.891434491		7095	7095	6280	
1469	7	7	0.985801518		1921	2	2	0.945012629		9426	2	2	0.89155972		#N/A	#N/A	#N/A	
9067	9	9	0.985929072		1496	2	2	0.945014656		7004	3	3	0.891670823		9067	9067	1496	
5172	4	4	0.985973954		7173	1	1	0.945037782		7288	7	7	0.891683042		5172	#N/A	#N/A	
8337	3	3	0.985985994		3095	4	4	0.945150018		9217	9	9	0.891851306		#N/A	#N/A	3095	
4643	3	3	0.986088216		3412	0	0	0.945210516		3398	2	2	0.892054856		4643	4643	#N/A	
6385	5	5	0.986147106		5056	1	1	0.945292115		9234	2	2	0.892532051		6385	6385	#N/A	
8191	6	6	0.986255646		5411	2	2	0.945618272		9823	5	5	0.892961383		#N/A	#N/A	#N/A	
7824	9	9	0.986289144		8352	5	5	0.946044505		2847	8	8	0.89316088		#N/A	7824	#N/A	
2505	7	7	0.986308157		339	7	7	0.946062744		7403	4	4	0.893603325		#N/A	2505	339	
7062	4	4	0.98631984		3283	7	7	0.946127236		3240	4	4	0.893891156		7062	7062	#N/A	
1863	5	5	0.986326098		4217	0	0	0.946474552		4720	8	8	0.894065499		1863	1863	#N/A	
1656	2	2	0.986361504		965	6	6	0.946612656		9319	3	3	0.894431591		#N/A	#N/A	#N/A	
2120	4	4	0.986439109		9640	5	5	0.946889937		2538	5	5	0.894436598		#N/A	#N/A	#N/A	
7645	0	0	0.986474216		2843	1	1	0.947014153		7145	3	3	0.894609928		#N/A	#N/A	2843	
4238	5	5	0.986644685		1945	4	4	0.947051406		7413	1	1	0.894715488		#N/A	4238	#N/A	
3986	7	7	0.986653388		1821	4	4	0.94725734		9590	0	0	0.894876122		#N/A	3986	#N/A	
8172	5	5	0.986663461		279	3	3	0.947306752		4617	3	3	0.895014763		8172	#N/A	279	
6062	3	3	0.986724973		8887	4	4	0.947336316		7055	8	8	0.895044148		#N/A	#N/A	#N/A	
2782	0	0	0.986764133		4972	8	8	0.947382331		7798	5	5	0.89513123		2782	#N/A	4972	
8048	0	0	0.986780584		9527	6	6	0.94745177		1496	2	2	0.895188272		8048	8048	9527	
4436	4	4	0.986786425		5180	9	9	0.947785854		7961	3	3	0.895474613		4436	4436	5180	
1179	3	3	0.986824453		6876	7	7	0.947814465		1369	8	8	0.895581186		#N/A	#N/A	6876	
6541	8	8	0.986836314		3741	2	2	0.947919428		3819	3	3	0.895784616		#N/A	#N/A	#N/A	
7769	4	4	0.986836314		7048	2	2	0.948160052		9288	8	8	0.89592737		#N/A	#N/A	#N/A	
8245	3	3	0.986853719		2090	2	2	0.948311508		3068	2	2	0.896212101		#N/A	8245	2090	
127	3	3	0.986858964		2747	3	3	0.948666155		9114	8	8	0.897292495		127	127	2747	
8804	6	6	0.986872911		8972	9	9	0.948697567		4468	9	9	0.897299111		#N/A	8804	#N/A	
954	4	4	0.986923754		774	0	0	0.94903791		7306	4	4	0.897433877		#N/A	#N/A	774	
9760	9	9	0.986963212		7116	0	0	0.949103534		912	0	0	0.897499859		#N/A	#N/A	#N/A	
2985	2	2	0.986973763		5603	5	5	0.949150443		8863	5	5	0.897783816		#N/A	#N/A	5603	
8408	6	6	0.987023592		9724	0	0	0.949278474		5634	4	4	0.898055196		#N/A	#N/A	#N/A	
5722	0	0	0.987058938		7723	3	3	0.949599802		4697	5	5	0.898128867		5722	5722	7723	
5103	7	7	0.987104416		9744	1	1	0.949633241		7821	2	2	0.898538768		5103	#N/A	9744	
2127	2	2	0.98710537		7802	2	2	0.949695945		8283	1	1	0.898599148		#N/A	#N/A	7802	
8261	1	1	0.987135708		303	2	2	0.950130045		1863	5	5	0.899042547		#N/A	#N/A	#N/A	
9648	3	3	0.987236321		7893	1	1	0.950180829		4357	4	4	0.899364948		#N/A	#N/A	#N/A	
5859	2	2	0.987255931		4970	2	2	0.951472819		1348	2	2	0.899453282		#N/A	#N/A	4970	
6102	3	3	0.987310052		242	8	8	0.951559067		251	3	3	0.899508357		#N/A	#N/A	#N/A	
1981	3	3	0.987348557		2243	3	3	0.951576054		8245	3	3	0.899520576		#N/A	#N/A	2243	
87	7	7	0.987430692		5414	4	4	0.951581538		4092	7	7	0.899709105		#N/A	#N/A	5414	
2818	5	5	0.987438858		8960	0	0	0.951609492		2501	4	4	0.900232911		#N/A	#N/A	8960	
7867	4	4	0.987467587		271	3	3	0.951946497		829	3	3	0.900865197		#N/A	7867	#N/A	
6958	7	7	0.987525582		677	1	1	0.951961517		1333	7	7	0.900897503		6958	#N/A	#N/A	
6989	7	7	0.987642527		5043	0	0	0.952014387		5159	6	6	0.900900006		#N/A	#N/A	#N/A	
4381	7	7	0.987651944		4220	4	4	0.952024519		5145	4	4	0.901473165		4381	#N/A	#N/A	
5619	8	8	0.987657547		9215	5	5	0.952042699		2937	3	3	0.901587903		#N/A	5619	9215	
4632	5	5	0.987697184		6064	5	5	0.952123642		7940	2	2	0.901777446		4632	4632	6064	
8889	4	4	0.987799406		8966	3	3	0.952175796		692	2	2	0.901811659		#N/A	#N/A	8966	
7377	3	3	0.987815022		997	1	1	0.952198088		7463	2	2	0.902052045		#N/A	7377	997	
4354	7	7	0.987842083		1293	4	4	0.952426732		6968	8	8	0.902735114		4354	#N/A	#N/A	
4707	7	7	0.987965643		2394	6	6	0.952481806		3788	7	7	0.902750731		#N/A	#N/A	#N/A	
6118	0	0	0.987969875		8857	0	0	0.952540398		3959	5	5	0.902841747		#N/A	#N/A	#N/A	
6902	4	4	0.988098323		5803	1	1	0.952932298		2755	5	5	0.902844012		6902	6902	#N/A	
5085	2	2	0.988150954		9056	4	4	0.952970982		6378	5	5	0.902956069		#N/A	#N/A	9056	
2126	9	9	0.98816365		6284	0	0	0.953039527		7785	4	4	0.90317452		2126	#N/A	#N/A	
8876	0	0	0.98827076		8497	4	4	0.953160763		1093	0	0	0.903719962		#N/A	#N/A	8497	
2623	4	4	0.98827517		2597	2	2	0.953230441		7090	2	2	0.90381813		2623	2623	#N/A	
4793	6	6	0.988321245		4065	4	4	0.95334518		9213	2	2	0.903865755		#N/A	#N/A	4065	
4255	9	9	0.988328934		3061	7	7	0.953505635		7176	8	8	0.904040813		4255	#N/A	#N/A	
7689	0	0	0.98835063		7906	2	2	0.953907073		607	3	3	0.904448211		7689	#N/A	#N/A	
5266	4	4	0.988364577		4103	8	8	0.95393157		9454	3	3	0.904483795		5266	#N/A	#N/A	
3319	2	2	0.988397777		790	3	3	0.953958869		6072	5	5	0.904600382		#N/A	#N/A	#N/A	
2832	3	3	0.988449931		1736	5	5	0.954134047		1942	2	2	0.904706836		#N/A	2832	#N/A	
6051	4	4	0.988493502		6490	8	8	0.954311252		4093	3	3	0.904731691		6051	6051	#N/A	
6449	8	8	0.98852998		5161	3	3	0.954605281		8192	5	5	0.904740155		#N/A	#N/A	#N/A	
9724	0	0	0.988530338		1489	6	6	0.954715967		933	2	2	0.905278385		9724	#N/A	#N/A	
6288	6	6	0.988600552		6562	5	5	0.955079317		7171	2	2	0.905944169		#N/A	#N/A	#N/A	
922	9	9	0.988602579		4166	1	1	0.955483496		8471	0	0	0.906353772		#N/A	#N/A	#N/A	
8847	5	5	0.988836229		1926	0	0	0.955495		9471	6	6	0.906360447		8847	8847	#N/A	
9558	0	0	0.988852739		9335	4	4	0.955669165		6387	2	2	0.906433046		#N/A	#N/A	#N/A	
9009	2	2	0.989024937		496	0	0	0.955684841		1431	4	4	0.906545997		#N/A	#N/A	#N/A	
9883	7	7	0.989031136		3899	6	6	0.955972075		7520	4	4	0.906607091		#N/A	#N/A	#N/A	
5943	3	3	0.989041984		9288	8	8	0.956083834		6759	1	1	0.906731546		5943	#N/A	9288	
5186	5	5	0.989061356		995	3	3	0.956184864		4185	7	7	0.906990886		#N/A	#N/A	#N/A	
8077	3	3	0.98907733		367	3	3	0.956263602		1787	3	3	0.907174289		8077	8077	367	
4179	6	6	0.989091396		1285	9	9	0.956442297		4501	5	5	0.907183111		#N/A	4179	1285	
6369	9	9	0.989161432		5841	6	6	0.95663619		706	2	2	0.907218516		#N/A	#N/A	#N/A	
7798	5	5	0.989194036		657	1	1	0.956717372		3697	4	4	0.907220781		#N/A	7798	#N/A	
822	0	0	0.98920095		2734	7	7	0.957309663		2173	3	3	0.907290876		#N/A	#N/A	#N/A	
7126	0	0	0.989231527		8172	5	5	0.957463861		774	0	0	0.90804857		#N/A	#N/A	#N/A	
1056	3	3	0.989257038		9764	2	2	0.957492054		7969	6	6	0.908098996		1056	1056	#N/A	
1016	1	1	0.98927325		6812	0	0	0.957537174		1450	2	2	0.908398151		#N/A	#N/A	6812	
308	1	1	0.989281416		7009	6	6	0.957927763		941	1	1	0.908595979		#N/A	#N/A	#N/A	
242	8	8	0.98932147		7674	1	1	0.95814091		5508	7	7	0.908738017		242	#N/A	7674	
8047	0	0	0.989335954		3835	3	3	0.958217204		5178	5	5	0.908854902		#N/A	8047	#N/A	
6111	3	3	0.98933661		9880	7	7	0.958405077		2540	2	2	0.909079969		6111	6111	#N/A	
7833	8	8	0.989397168		1238	1	1	0.958466172		8492	0	0	0.909140646		#N/A	#N/A	#N/A	
2568	9	9	0.989445388		5860	0	0	0.958574057		519	8	8	0.909256518		#N/A	#N/A	#N/A	
7240	0	0	0.989448667		6835	5	5	0.958744407		9680	8	8	0.909338415		#N/A	#N/A	#N/A	
3502	8	8	0.989501178		4477	6	6	0.958809376		2176	1	1	0.909366012		#N/A	3502	4477	
2421	8	8	0.989551723		8171	6	6	0.958871841		8925	0	0	0.909418762		2421	#N/A	8171	
7102	0	0	0.989639759		2080	1	1	0.958879113		3160	6	6	0.90968287		#N/A	#N/A	#N/A	
5071	1	1	0.989642799		2606	3	3	0.959026635		6841	1	1	0.909876287		#N/A	5071	2606	
9959	2	2	0.989648402		1944	4	4	0.959335923		5786	4	4	0.910076678		9959	9959	1944	
1735	0	0	0.989654303		8581	8	8	0.959352732		1433	7	7	0.910082519		#N/A	#N/A	8581	
8559	1	1	0.989693344		3834	8	8	0.959391236		4563	7	7	0.91014874		#N/A	#N/A	#N/A	
597	3	3	0.989693463		9490	8	8	0.959790051		2548	0	0	0.910358071		597	#N/A	9490	
5065	0	0	0.989711881		5504	5	5	0.959819674		8687	6	6	0.910389841		#N/A	#N/A	5504	
1096	7	7	0.989723086		2236	5	5	0.959872723		5722	0	0	0.910444617		#N/A	#N/A	#N/A	
6221	0	0	0.989726126		5072	6	6	0.9598912		2815	3	3	0.91050595		#N/A	#N/A	#N/A	
562	6	6	0.989758015		4695	8	8	0.959929824		5212	5	5	0.911022902		562	#N/A	#N/A	
7207	3	3	0.9898476		2383	2	2	0.959977388		4966	5	5	0.91104579		#N/A	#N/A	2383	
2449	4	4	0.989854157		2847	8	8	0.960016191		5915	5	5	0.911250532		#N/A	#N/A	2847	
4019	7	7	0.989918649		5821	8	8	0.960109234		4074	2	2	0.911273718		#N/A	4019	5821	
3863	2	2	0.989935696		6405	1	1	0.96019423		1284	8	8	0.911471665		3863	3863	#N/A	
459	6	6	0.990035355		2809	4	4	0.960208833		8087	2	2	0.911668837		#N/A	459	2809	
7236	1	1	0.990064681		7979	3	3	0.960409701		6730	8	8	0.912066042		#N/A	7236	7979	
3864	3	3	0.990128458		8310	3	3	0.960559905		7489	3	3	0.912527323		3864	#N/A	#N/A	
9005	5	5	0.990133166		214	8	8	0.960623026		9003	3	3	0.912677407		9005	9005	#N/A	
5146	0	0	0.990151286		4017	5	5	0.960969925		2440	7	7	0.912791312		#N/A	#N/A	#N/A	
7990	0	0	0.990155101		6334	0	0	0.961021662		6549	0	0	0.912980258		#N/A	#N/A	#N/A	
2596	9	9	0.990167141		8487	4	4	0.96128273		2849	6	6	0.913025796		#N/A	#N/A	8487	
4747	5	5	0.990169168		3237	9	9	0.961400509		4447	0	0	0.913197041		4747	4747	3237	
5240	1	1	0.990184546		6215	2	2	0.961412668		9415	0	0	0.91328752		5240	#N/A	#N/A	
9625	2	2	0.990201533		257	0	0	0.961416304		7475	3	3	0.913455606		9625	9625	#N/A	
3097	0	0	0.990207732		8662	3	3	0.96154654		9422	3	3	0.91364938		3097	#N/A	#N/A	
6371	1	1	0.9902215		7266	2	2	0.961554706		2466	2	2	0.913915455		6371	6371	#N/A	
4374	0	0	0.990229547		1624	4	4	0.96172446		9106	6	6	0.913937151		#N/A	#N/A	#N/A	
5407	4	4	0.990255535		7654	4	4	0.961737037		9397	2	2	0.914043903		#N/A	#N/A	#N/A	
4477	6	6	0.990317822		491	0	0	0.961810172		3902	9	9	0.914328337		4477	4477	491	
8624	9	9	0.990318298		4147	3	3	0.961862326		6849	4	4	0.914516449		#N/A	8624	#N/A	
7056	2	2	0.99031961		6764	5	5	0.961887777		3831	5	5	0.914550245		7056	#N/A	#N/A	
63	3	3	0.990367651		687	6	6	0.962094665		8985	9	9	0.914882183		#N/A	63	#N/A	
6311	3	3	0.990381777		3131	7	7	0.962110758		2506	3	3	0.914931774		#N/A	6311	#N/A	
4963	3	3	0.990466893		8125	8	8	0.96220696		8941	0	0	0.914975107		4963	4963	#N/A	
6837	5	5	0.990472972		6667	7	7	0.962232709		639	5	5	0.915454924		6837	#N/A	#N/A	
2624	8	8	0.990476727		7736	3	3	0.962435603		5405	2	2	0.916199565		2624	2624	7736	
4138	4	4	0.990484357		4536	9	9	0.962453723		9850	7	7	0.916252851		#N/A	#N/A	#N/A	
4804	3	3	0.990532756		9295	3	3	0.962479234		3371	2	2	0.916273117		#N/A	#N/A	#N/A	
7317	6	6	0.990543306		2500	4	4	0.962479472		895	1	1	0.916313291		#N/A	#N/A	2500	
8452	4	4	0.990558743		127	3	3	0.962482333		6685	1	1	0.916411877		#N/A	#N/A	127	
6769	3	3	0.990567267		6162	0	0	0.962570906		7599	8	8	0.916649103		#N/A	#N/A	6162	
9646	5	5	0.990609169		8700	3	3	0.962602794		6385	5	5	0.916703999		#N/A	#N/A	8700	
3320	2	2	0.990623653		2810	9	9	0.962652862		2672	0	0	0.916813612		3320	3320	2810	
3927	0	0	0.990672171		3246	1	1	0.962663591		5619	8	8	0.917401969		#N/A	#N/A	#N/A	
5716	0	0	0.990678072		7598	3	3	0.962675154		5678	1	1	0.917549253		5716	5716	7598	
9228	3	3	0.990692556		1323	0	0	0.962781012		9324	9	9	0.917955697		#N/A	#N/A	1323	
9238	9	9	0.990711987		7821	2	2	0.962799251		3324	3	3	0.918222725		#N/A	9238	7821	
5825	3	3	0.990780056		4195	3	3	0.962838948		8689	6	6	0.918272853		5825	#N/A	#N/A	
6094	5	5	0.99088484		6425	2	2	0.962967455		9448	3	3	0.918529928		#N/A	#N/A	#N/A	
225	9	9	0.99091363		9557	5	5	0.963099718		6598	6	6	0.918542504		#N/A	#N/A	9557	
5901	5	5	0.990924537		7489	3	3	0.963230848		550	5	5	0.918593705		#N/A	#N/A	7489	
6975	8	8	0.990961611		3650	0	0	0.963338614		1498	5	5	0.918683589		#N/A	#N/A	#N/A	
5729	8	8	0.990976393		2623	4	4	0.963354945		9315	7	7	0.919007063		#N/A	#N/A	2623	
8923	6	6	0.990983009		2325	7	7	0.963794589		2624	8	8	0.919082761		#N/A	#N/A	2325	
3507	4	4	0.991041601		6387	2	2	0.963815987		9820	0	0	0.919331729		#N/A	#N/A	6387	
7015	3	3	0.991070271		5350	9	9	0.963841677		436	2	2	0.919495285		7015	#N/A	5350	
2843	1	1	0.991072118		7416	1	1	0.963914871		2199	2	2	0.919694901		2843	2843	#N/A	
338	0	0	0.991166532		6824	0	0	0.963987291		5694	5	5	0.920236886		#N/A	#N/A	6824	
9338	3	3	0.99120754		3422	2	2	0.964178443		1947	3	3	0.920241535		#N/A	9338	3422	
4926	7	7	0.991269231		1043	2	2	0.96427983		1594	3	3	0.920250535		#N/A	#N/A	1043	
5969	5	5	0.991358995		8229	8	8	0.964286387		6878	5	5	0.92035228		#N/A	#N/A	#N/A	
9771	4	4	0.991437376		3324	3	3	0.964310467		8600	3	3	0.920422673		#N/A	#N/A	3324	
1514	0	0	0.991437852		68	3	3	0.964326322		7979	3	3	0.920801878		#N/A	#N/A	68	
6185	5	5	0.991452694		6898	3	3	0.96446079		8684	2	2	0.920811772		6185	#N/A	#N/A	
5504	5	5	0.991492212		3378	4	4	0.964473546		6043	5	5	0.920833111		5504	5504	#N/A	
8087	2	2	0.991530418		6096	2	2	0.964535415		8581	8	8	0.920854032		#N/A	8087	#N/A	
7471	6	6	0.991544485		7152	6	6	0.964620829		2747	3	3	0.921603084		7471	7471	#N/A	
5915	5	5	0.991585612		8933	6	6	0.964702129		8222	1	1	0.921978474		5915	5915	#N/A	
5119	5	5	0.991599917		9204	9	9	0.965032995		8848	3	3	0.92207998		5119	5119	9204	
9151	0	0	0.991605759		6345	3	3	0.965240061		2555	7	7	0.922442079		#N/A	#N/A	#N/A	
5978	5	5	0.991631329		3508	3	3	0.965244949		3092	5	5	0.922488749		#N/A	5978	#N/A	
1061	1	1	0.991655946		5963	9	9	0.96527797		7324	1	1	0.922495723		#N/A	#N/A	5963	
8879	9	9	0.991670728		6959	5	5	0.965322793		2383	2	2	0.923138142		#N/A	#N/A	6959	
3358	9	9	0.991678894		7436	0	0	0.965366244		4988	5	5	0.923704863		#N/A	#N/A	#N/A	
5892	8	8	0.991753697		2521	9	9	0.965509713		7959	5	5	0.923846662		#N/A	#N/A	#N/A	
4093	3	3	0.991761327		9405	8	8	0.965574622		2284	8	8	0.92407912		4093	4093	#N/A	
3216	4	4	0.991766512		8399	5	5	0.965760469		6463	8	8	0.924221337		#N/A	#N/A	#N/A	
3540	6	6	0.991870403		1579	0	0	0.965780377		8208	8	8	0.924313307		#N/A	#N/A	#N/A	
8901	5	5	0.991872966		211	4	4	0.965806961		3282	9	9	0.924414217		8901	#N/A	#N/A	
8787	4	4	0.991888344		6442	6	6	0.965810955		4295	0	0	0.924486637		#N/A	#N/A	6442	
7504	6	6	0.99189055		7015	3	3	0.9658373		4221	2	2	0.924552679		#N/A	#N/A	#N/A	
4956	5	5	0.991918385		5496	4	4	0.965871453		7356	0	0	0.924580514		4956	#N/A	5496	
4446	0	0	0.991946876		4053	4	4	0.965875208		6538	3	3	0.924740195		#N/A	4446	#N/A	
1902	0	0	0.991968215		9448	3	3	0.965993702		9523	5	5	0.924791932		#N/A	#N/A	9448	
1681	5	5	0.992008686		9995	8	8	0.966010034		5481	7	7	0.924804032		1681	#N/A	#N/A	
5897	4	4	0.992020071		9845	9	9	0.966133773		7095	4	4	0.925027609		5897	#N/A	#N/A	
932	3	3	0.992032647		2685	2	2	0.966235936		8397	0	0	0.925042808		#N/A	#N/A	#N/A	
2035	6	6	0.992040336		4291	6	6	0.966381073		8611	7	7	0.925507367		2035	2035	#N/A	
1051	2	2	0.992093623		6466	8	8	0.966473043		9866	1	1	0.925516963		1051	1051	#N/A	
24	5	5	0.992182553		971	4	4	0.966488421		5493	3	3	0.925532758		24	#N/A	#N/A	
6709	3	3	0.992186427		9281	3	3	0.966520786		3681	2	2	0.925533414		6709	#N/A	#N/A	
8196	3	3	0.992186666		6896	6	6	0.96663475		8144	9	9	0.925714254		#N/A	8196	#N/A	
5701	3	3	0.992203116		8792	6	6	0.966920197		7374	3	3	0.926024139		#N/A	#N/A	#N/A	
6029	0	0	0.992220581		9586	5	5	0.967030227		6768	2	2	0.926097333		#N/A	#N/A	#N/A	
491	0	0	0.992239475		9380	5	5	0.967070997		5955	5	5	0.926220238		491	491	9380	
9471	6	6	0.992240787		1416	3	3	0.967134893		8344	7	7	0.926287413		#N/A	9471	#N/A	
979	9	9	0.992271066		7221	3	3	0.967203259		2637	6	6	0.926649213		#N/A	#N/A	#N/A	
8815	3	3	0.992288411		1802	2	2	0.96734488		4332	7	7	0.926871121		8815	8815	#N/A	
7391	4	4	0.992296159		5669	0	0	0.967427909		1224	7	7	0.927133441		#N/A	#N/A	#N/A	
2581	4	4	0.992304146		5365	8	8	0.967473209		7401	3	3	0.927371323		#N/A	#N/A	#N/A	
3967	4	4	0.992312968		6828	3	3	0.967492163		5192	9	9	0.927412331		3967	#N/A	6828	
9309	5	5	0.992337286		5722	0	0	0.967640936		1477	7	7	0.927450836		#N/A	#N/A	5722	
5933	4	4	0.992362142		8996	3	3	0.967658043		3895	1	1	0.927736163		#N/A	#N/A	#N/A	
7800	0	0	0.992366612		7382	9	9	0.96767813		3614	3	3	0.927778959		7800	#N/A	#N/A	
6405	1	1	0.992404282		6121	2	2	0.967735946		5350	9	9	0.927886188		6405	#N/A	#N/A	
9398	8	8	0.992408752		9433	3	3	0.967773438		2969	5	5	0.92791307		#N/A	#N/A	#N/A	
385	8	8	0.992422163		3791	2	2	0.967927217		7615	5	5	0.92812252		#N/A	385	#N/A	
5654	4	4	0.992431402		1513	6	6	0.967982948		7766	4	4	0.928369939		5654	#N/A	#N/A	
3246	1	1	0.992465854		314	4	4	0.968017578		8443	2	2	0.928688347		3246	#N/A	#N/A	
2588	4	4	0.992477715		6809	6	6	0.968103707		3041	4	4	0.929200947		2588	#N/A	#N/A	
3706	4	4	0.992481768		9669	8	8	0.968315005		8586	6	6	0.929206431		#N/A	3706	#N/A	
3724	6	6	0.992525339		2903	2	2	0.968324304		4792	0	0	0.929363012		3724	3724	#N/A	
4612	7	7	0.992550254		3897	0	0	0.968356252		2827	5	5	0.929397404		#N/A	4612	#N/A	
4823	5	5	0.992570937		817	5	5	0.968503714		6079	3	3	0.929454744		#N/A	#N/A	#N/A	
9495	0	0	0.992573023		4391	3	3	0.968565106		8048	0	0	0.929888904		#N/A	#N/A	4391	
6438	4	4	0.992595255		340	2	2	0.96861738		2630	2	2	0.929902971		#N/A	6438	#N/A	
4453	0	0	0.992613077		5436	6	6	0.968700051		1929	2	2	0.930116773		#N/A	4453	#N/A	
5878	4	4	0.992632687		1292	4	4	0.9688043		4438	2	2	0.930239737		5878	#N/A	1292	
3003	2	2	0.992665231		4586	0	0	0.969102561		203	7	7	0.930296898		#N/A	#N/A	4586	
1958	6	6	0.992679834		2823	3	3	0.96923244		6237	3	3	0.930320024		1958	#N/A	2823	
7436	0	0	0.992697418		4375	3	3	0.969321251		3254	3	3	0.930344164		7436	#N/A	#N/A	
2243	3	3	0.99272424		129	2	2	0.9694857		2807	9	9	0.930469036		2243	2243	129	
4266	3	3	0.992739975		744	9	9	0.969635665		5469	5	5	0.930773497		4266	#N/A	744	
6662	6	6	0.992740452		9983	0	0	0.969814658		6746	2	2	0.930797219		#N/A	#N/A	#N/A	
7979	3	3	0.992743373		2427	5	5	0.969856083		1356	2	2	0.93154639		7979	7979	2427	
5441	5	5	0.992756188		5634	4	4	0.970037162		7347	0	0	0.931723833		5441	5441	5634	
1559	5	5	0.992757916		4617	3	3	0.970081627		1112	3	3	0.931812108		#N/A	1559	4617	
7329	1	1	0.992758512		7461	9	9	0.970169246		5550	5	5	0.931815326		7329	#N/A	#N/A	
6498	4	4	0.99276638		9786	6	6	0.970218122		385	8	8	0.931961954		6498	6498	#N/A	
2285	3	3	0.992783666		7849	2	2	0.970236659		1342	7	7	0.9320575		#N/A	2285	#N/A	
4545	3	3	0.992816687		4357	4	4	0.970329285		97	0	0	0.932426929		4545	4545	4357	
1005	1	1	0.99284935		1580	6	6	0.970342398		1329	5	5	0.93245554		#N/A	#N/A	1580	
2806	2	2	0.992862284		1438	5	5	0.97035718		3191	0	0	0.932585776		#N/A	#N/A	#N/A	
7356	0	0	0.992871702		941	1	1	0.970588684		6162	0	0	0.932833493		#N/A	7356	941	
3357	8	8	0.992903888		3160	6	6	0.970595777		5994	4	4	0.932874799		#N/A	3357	3160	
3016	4	4	0.992903888		5654	4	4	0.970612764		491	0	0	0.933165967		#N/A	#N/A	#N/A	
5766	8	8	0.992912352		2814	1	1	0.970628679		2391	2	2	0.933444619		#N/A	#N/A	#N/A	
9337	5	5	0.992960751		5717	6	6	0.97064203		6245	6	6	0.933655381		#N/A	#N/A	#N/A	
7176	8	8	0.992970288		6531	4	4	0.970653713		6022	0	0	0.933701038		7176	7176	6531	
4525	0	0	0.992989063		3417	7	7	0.970699787		4864	3	3	0.933707952		#N/A	#N/A	3417	
4458	3	3	0.99300766		9217	9	9	0.970825732		7257	0	0	0.933799148		#N/A	#N/A	9217	
3283	7	7	0.993012846		7583	1	1	0.970830321		3577	9	9	0.934182882		3283	#N/A	#N/A	
5893	9	9	0.993037164		1397	0	0	0.970909774		1275	3	3	0.934334993		5893	#N/A	#N/A	
3684	9	9	0.993103027		914	0	0	0.97092551		9742	9	9	0.934373796		#N/A	#N/A	#N/A	
4717	4	4	0.993139923		8449	1	1	0.970971465		6824	0	0	0.93449986		4717	#N/A	#N/A	
2427	5	5	0.993144989		1471	8	8	0.971023083		3428	2	2	0.934590518		2427	2427	#N/A	
4096	8	8	0.993152022		9403	9	9	0.9710235		8138	1	1	0.93474102		4096	4096	#N/A	
527	0	0	0.993160367		4867	9	9	0.971166193		3966	4	4	0.93498379		#N/A	#N/A	#N/A	
5309	3	3	0.993192375		553	5	5	0.971222162		5314	7	7	0.935066223		#N/A	#N/A	#N/A	
4552	5	5	0.993199646		6144	7	7	0.971226573		4108	2	2	0.935455382		4552	#N/A	6144	
3981	5	5	0.993203402		4410	9	9	0.971335769		5579	9	9	0.93554008		#N/A	#N/A	4410	
8219	3	3	0.993207633		8035	1	1	0.971349716		8077	3	3	0.936082602		8219	#N/A	#N/A	
1574	0	0	0.993234098		4691	2	2	0.971389532		6144	7	7	0.936677337		#N/A	1574	#N/A	
5338	8	8	0.993248105		6138	3	3	0.971405268		5586	8	8	0.936718762		#N/A	#N/A	#N/A	
3429	0	0	0.993257403		7687	6	6	0.971429765		8960	0	0	0.936870277		3429	3429	#N/A	
6448	7	7	0.993274212		8048	0	0	0.971466243		9791	9	9	0.936970949		#N/A	#N/A	8048	
4204	2	2	0.993295372		4735	8	8	0.971489549		3862	4	4	0.93706733		4204	4204	4735	
2466	2	2	0.993309021		926	8	8	0.971630514		1549	1	1	0.937168658		2466	2466	#N/A	
2603	0	0	0.993336082		7092	2	2	0.971719682		4724	5	5	0.937362731		#N/A	#N/A	#N/A	
8083	9	9	0.993340075		148	5	5	0.971736848		6213	3	3	0.937418103		#N/A	#N/A	#N/A	
2989	5	5	0.99335444		7670	2	2	0.97178787		9452	2	2	0.937466621		2989	2989	#N/A	
8613	6	6	0.993354678		6261	0	0	0.971984148		7162	5	5	0.937642276		#N/A	#N/A	#N/A	
994	6	6	0.993357241		5985	4	4	0.971996725		2623	4	4	0.937683642		994	#N/A	#N/A	
4655	7	7	0.99336642		6185	5	5	0.972423673		7341	4	4	0.937706828		#N/A	#N/A	#N/A	
6054	3	3	0.993374288		9412	8	8	0.972441494		7971	5	5	0.937844157		#N/A	6054	#N/A	
8351	0	0	0.993384302		6513	5	5	0.972458541		6056	4	4	0.938000083		#N/A	8351	#N/A	
3602	3	3	0.993386209		9450	6	6	0.972746193		9123	2	2	0.938137412		#N/A	3602	9450	
9114	8	8	0.993437827		4839	7	7	0.972754776		434	3	3	0.938173711		#N/A	9114	#N/A	
4135	1	1	0.993442059		6444	3	3	0.972986639		8432	5	5	0.938353479		4135	4135	#N/A	
4412	7	7	0.993452549		3806	5	5	0.973032892		9209	9	9	0.938357174		#N/A	4412	#N/A	
4542	3	3	0.993456781		2668	0	0	0.973069549		2461	0	0	0.938510001		#N/A	#N/A	2668	
8518	9	9	0.993459225		8836	4	4	0.973160803		7310	3	3	0.938517153		8518	8518	8836	
2540	2	2	0.993464768		6491	0	0	0.973290205		4545	3	3	0.938592315		2540	2540	6491	
4060	6	6	0.993487597		8189	8	8	0.973297536		3185	2	2	0.9387483		#N/A	#N/A	#N/A	
9879	7	7	0.993488073		5943	3	3	0.973312974		7283	3	3	0.938934505		#N/A	#N/A	#N/A	
9056	4	4	0.993504345		6584	5	5	0.973337293		9893	2	2	0.939187825		9056	9056	6584	
3637	2	2	0.993513584		7250	8	8	0.973432481		9143	9	9	0.939218044		3637	3637	#N/A	
6463	8	8	0.993523359		3420	5	5	0.973618925		5972	8	8	0.939221263		#N/A	6463	#N/A	
4023	4	4	0.993549645		1594	3	3	0.973624527		2998	5	5	0.939362407		4023	#N/A	1594	
9877	6	6	0.993577838		8591	6	6	0.973639727		2486	7	7	0.939428806		9877	#N/A	8591	
3655	9	9	0.993609786		445	7	7	0.973654509		952	6	6	0.939522147		#N/A	#N/A	#N/A	
1000	5	5	0.993628025		6682	4	4	0.973692477		6776	8	8	0.939744771		#N/A	#N/A	#N/A	
6027	3	3	0.993628442		912	0	0	0.97382462		1043	2	2	0.939871073		#N/A	#N/A	912	
6530	3	3	0.993694246		7716	5	5	0.97394526		8279	3	3	0.939916492		6530	6530	#N/A	
6447	4	4	0.993712068		8681	2	2	0.974056661		4735	8	8	0.940046132		#N/A	#N/A	#N/A	
2011	2	2	0.993721247		9065	0	0	0.974219203		2697	0	0	0.940163076		#N/A	#N/A	9065	
6440	3	3	0.993784308		8925	0	0	0.974322736		4834	4	4	0.940435648		#N/A	#N/A	8925	
1251	2	2	0.993784428		881	4	4	0.974377751		8140	5	5	0.940531909		1251	#N/A	#N/A	
2490	0	0	0.993785262		3513	3	3	0.974396169		8351	0	0	0.940545499		2490	#N/A	#N/A	
8119	6	6	0.993795037		1216	8	8	0.974432409		9957	0	0	0.940570951		8119	8119	#N/A	
5099	2	2	0.99380821		2434	0	0	0.974457979		4779	9	9	0.940782845		#N/A	#N/A	#N/A	
1330	2	2	0.993821084		3425	0	0	0.974502027		8763	9	9	0.94086051		#N/A	#N/A	#N/A	
4975	3	3	0.993829906		7507	7	7	0.974529624		1570	4	4	0.940983474		#N/A	#N/A	7507	
5210	5	5	0.993859649		273	3	3	0.974556923		5868	9	9	0.941033006		5210	#N/A	#N/A	
8141	3	3	0.993861079		2558	4	4	0.974698365		8085	2	2	0.941153467		#N/A	#N/A	#N/A	
773	4	4	0.993871093		3825	0	0	0.97475636		7662	5	5	0.941398382		#N/A	#N/A	#N/A	
8340	5	5	0.993894994		5724	5	5	0.974766791		6465	3	3	0.941549063		#N/A	#N/A	#N/A	
4230	6	6	0.993898153		5469	5	5	0.974780619		4346	3	3	0.941580653		#N/A	#N/A	5469	
2037	5	5	0.99390924		8093	7	7	0.974806964		6133	0	0	0.941629171		#N/A	#N/A	#N/A	
2096	2	2	0.993920803		5335	9	9	0.974892318		6964	5	5	0.941777587		#N/A	#N/A	5335	
7027	5	5	0.993932307		4962	3	3	0.974921167		7674	1	1	0.941886961		#N/A	#N/A	#N/A	
3970	9	9	0.993936241		9996	3	3	0.974953115		4412	7	7	0.941986561		#N/A	#N/A	#N/A	

